field_name,level,level_support,raw_mean_loss,raw_median_loss,raw_loss_iqr,rare_level_flag,log1p_mean_loss,log1p_median_loss
cat1,A,141550,3408.0915145178383,2458.6899999999996,3028.7350000000006,False,8.134201116752015,7.80779060472553
cat1,B,46768,1915.19852056962,1444.8600000000001,1414.1675,False,7.558098565151774,7.276459579220955
cat10,A,160213,2694.1355275789106,1902.69,2231.84,False,7.899203770605169,7.551549386969438
cat10,B,28105,4993.767052481764,4089.17,4058.0,False,8.516146053855369,8.31634181296523
cat100,F,42970,3200.0989397253898,2325.085,2568.4049999999997,False,8.07124944849731,7.751941875833099
cat100,I,39933,1970.402508702076,1470.68,1423.88,False,7.58650050177901,7.294159884351559
cat100,L,19961,4005.5817143429686,3315.15,3424.3300000000004,False,8.295693716453288,8.106559750455265
cat100,K,13817,2772.5496974741263,1852.56,2596.8599999999997,False,7.927883258020213,7.524863393256492
cat100,G,12935,4678.556561267877,3636.05,4093.5599999999995,False,8.450958632556613,8.198928192486663
cat100,J,12027,2063.532037914692,1416.12,1545.6649999999997,False,7.632658863691901,7.256381922061273
cat100,H,10776,3906.7548997772824,2932.415,3204.9799999999996,False,8.270718293636296,7.983922552319728
cat100,A,9402,1746.2421697511168,1281.935,1292.5900000000001,False,7.465793920876953,7.156905700822505
cat100,N,7592,3055.7959641728135,2318.205,2322.465,False,8.025122575853361,7.7489797335209545
cat100,B,6608,3090.5893341404358,2310.51,2406.0824999999995,False,8.036440585278658,7.745656269614034
cat100,O,5697,3496.4890345796034,2388.8,3125.0599999999995,False,8.159800571318025,7.778964959415654
cat100,M,5185,4767.290925747348,3822.92,4520.8,False,8.469743223189838,8.249031353450363
cat100,C,836,4835.537141148325,3665.085,4107.057499999999,False,8.483954276937336,8.206879614164682
cat100,D,553,2253.6821338155514,1743.03,1642.08,False,7.720764281386952,7.463953806155837
cat100,E,26,4914.809615384615,3538.62,3485.3375000000005,True,8.500211742390148,8.171774655733204
cat101,A,106721,2454.1398437983153,1739.25,1957.5500000000002,False,7.805939001456937,7.4617840600487755
cat101,D,17171,2812.9903057480637,1927.96,2400.7799999999997,False,7.942358792660605,7.564736276558021
cat101,C,16971,2778.2836379706555,1912.24,2361.41,False,7.9299484892951915,7.556553418967891
cat101,G,10944,3450.680946637427,2644.12,2773.3675000000003,False,8.146616622276365,7.880471711883313
cat101,F,10139,3560.151861130289,2723.55,2904.8550000000005,False,8.177839328010233,7.910058555845948
cat101,J,7259,4603.863789778206,3825.63,3365.9750000000004,False,8.434868369484999,8.249739799278007
cat101,I,6690,4590.935254110613,3804.7250000000004,3462.4775,False,8.432056838185412,8.244261790910365
cat101,M,3669,5540.2927664213685,4627.24,3879.7099999999996,False,8.619983103858738,8.43993194522308
cat101,L,3173,5321.419555625591,4558.45,3668.1299999999997,False,8.57968328263286,8.424957281198886
cat101,Q,2762,7057.4702643012315,6016.505,4842.449999999999,False,8.861983630564971,8.702428000566728
cat101,O,2493,6870.387172081829,5970.22,4620.24,False,8.835121282167433,8.694706540617865
cat101,S,173,8993.138439306358,8280.08,5316.499999999999,False,9.104328359618947,9.021728673656037
cat101,R,138,8564.376594202899,7287.925,5563.387500000001,False,9.055483378758677,8.894111351851981
cat101,E,7,4458.574285714286,3426.28,2567.7750000000005,True,8.402808588824744,8.139522222651395
cat101,B,3,1292.02,936.81,727.0149999999999,True,7.164735846556329,6.843547369853059
cat101,K,2,3240.165,3240.165,2211.215,True,8.083688112058564,8.083688112058564
cat101,H,1,1320.72,1320.72,0.0,True,7.186689197676208,7.186689197676208
cat101,N,1,2192.72,2192.72,0.0,True,7.693354011906994,7.693354011906994
cat101,U,1,15972.49,15972.49,0.0,True,9.678685752086478,9.678685752086478
cat102,A,177274,2975.5585590103456,2070.73,2586.0950000000003,False,7.998523066181321,7.636139286008125
cat102,B,5155,4018.6318874878757,3006.97,3490.89,False,8.298945607143605,8.00902071161574
cat102,C,4929,3914.580137959018,2978.93,3466.4000000000005,False,8.272718780833552,7.9996550892906715
cat102,E,482,4529.677510373444,3391.335,3810.5374999999995,False,8.41862676808282,8.129273753827622
cat102,D,449,4615.829376391982,3551.57,4013.7599999999998,False,8.437463466310144,8.175426564210623
cat102,G,15,8334.852666666668,6677.43,6913.250000000002,True,9.028321089492746,8.806638208966707
cat102,F,12,5688.412499999999,5351.88,7384.972500000001,True,8.64636227047149,8.585390012806036
cat102,H,1,18646.37,18646.37,0.0,True,9.833460396361124,9.833460396361124
cat102,J,1,17435.36,17435.36,0.0,True,9.766312960082509,9.766312960082509
cat103,A,123737,2814.648334855379,1947.07,2467.85,False,7.942947828391352,7.574594417848441
cat103,B,33342,3078.8902804270892,2064.615,2692.0150000000003,False,8.032649252095139,7.633183281878559
cat103,C,16508,3447.5018433486794,2477.8050000000003,2724.0024999999996,False,8.145695167407576,7.815531868190969
cat103,D,7806,4029.012131693569,3063.58,3041.2174999999997,False,8.301524665281997,8.027665807985601
cat103,E,4473,4349.91779342723,3379.92,3325.51,False,8.37814208882287,8.125903140789376
cat103,F,1528,5009.336590314136,4092.255,3539.2525,False,8.519258375517623,8.317095776042095
cat103,G,550,5712.691854545455,4566.67,4112.6925,False,8.650620653185591,8.42675850704503
cat103,H,190,5983.009473684211,4989.425,3924.34,False,8.696846102822214,8.515276355459457
cat103,I,109,7276.575963302753,6280.68,5231.67,False,8.892553113669424,8.745392739609807
cat103,J,45,7106.018888888889,6046.6,5574.280000000001,True,8.868838150609896,8.707416778106046
cat103,L,17,6675.83,5886.72,2882.62,True,8.806398602997575,8.680624104930143
cat103,K,11,6249.808181818182,6497.98,5924.845,True,8.740466043461657,8.779400520493091
cat103,N,2,2836.435,2836.435,2238.3949999999995,True,7.950655754038291,7.950655754038291
cat104,E,42925,2981.0809421083286,2076.6,2756.08,False,8.000376638520464,7.638968660348539
cat104,G,40660,3117.23777004427,2118.17,2729.65,False,8.04502330394065,7.658779781572268
cat104,D,27611,2970.460094889718,2191.84,2707.255,False,7.996808725434939,7.692952786339896
cat104,F,19228,3068.3329233409613,2111.2200000000003,2624.7799999999997,False,8.02921552815659,7.655494806067848
cat104,H,17187,2767.820460813405,1968.41,2353.805,False,7.926176682070414,7.585489284489446
cat104,K,14297,3173.2300167867384,2157.31,2541.13,False,8.062820367517542,7.6770807870303805
cat104,I,10919,3014.904157889917,2081.42,2490.98,False,8.011654950734961,7.6412859579369625
cat104,C,6949,2847.1126737660093,2108.58,2614.48,False,7.954411834167135,7.654244154523906
cat104,L,3486,3683.609644291452,2527.54,2956.7725,False,8.211919868019532,7.8353973400508306
cat104,J,3138,3330.961504142766,2199.005,2453.42,False,8.111316449841471,7.696214912071097
cat104,M,1156,4167.185519031142,2575.6099999999997,2987.69,False,8.335236092766818,7.854229860433492
cat104,O,409,3089.3257457212712,2413.27,2637.6800000000003,False,8.036031783662837,7.789152242958929
cat104,N,153,3861.0956209150327,2557.33,2816.87,False,8.25896522211101,7.847109980854843
cat104,P,86,3035.8196511627907,2503.9449999999997,2100.7275,True,8.018566079404547,7.8260220571901025
cat104,A,68,3527.34,2190.955,3168.3599999999997,True,8.168582784365297,7.692549118660099
cat104,B,43,3195.70976744186,2594.26,3030.8250000000007,True,8.069877362155557,7.861441983259265
cat104,Q,3,4747.946666666667,3333.34,3321.5499999999997,True,8.465678118051583,8.112030037715252
cat105,E,76493,2861.3099895415266,2075.47,2573.5600000000004,False,7.959384266459832,7.638424615579013
cat105,F,62892,3071.0210373338423,2141.87,2664.9075000000003,False,8.030090942334558,7.669901331011034
cat105,G,20613,3226.280348809004,2132.86,2793.4700000000003,False,8.079395064265139,7.665687825211036
cat105,D,12172,2612.9226298061126,1919.475,2138.8925,False,7.868607295355198,7.560327830257858
cat105,H,11258,3430.475048854148,2232.97,3137.55,False,8.140745491115537,7.711535550711763
cat105,I,2941,4356.198208092485,2793.65,4252.71,False,8.379584516956138,7.9354621541344725
cat105,J,694,5340.362507204611,3237.865,4512.1525,False,8.583236050570632,8.082978238771995
cat105,K,486,5147.148744855967,2902.585,5174.745,False,8.546392462015767,7.973701459396515
cat105,C,275,2794.335927272727,2099.17,2371.955,False,7.935707567015683,7.649773572816
cat105,M,171,6275.504035087719,3519.23,5465.244999999999,False,8.744568422146246,8.16628160736661
cat105,L,145,6631.49475862069,3805.29,6176.16,False,8.799736295754618,8.244410240434187
cat105,A,77,3015.3992207792207,1880.77,2382.02,True,8.011819088000392,7.539968102262571
cat105,N,64,7031.06546875,5558.05,6511.6925,True,8.858235749439705,8.623182509336477
cat105,P,15,22600.972,4069.65,13406.864999999998,True,10.025792438090907,8.311557970844834
cat105,O,9,6625.501111111112,4313.53,6428.51,True,8.79883220799764,8.36974367522121
cat105,B,5,1236.3380000000002,1201.95,94.82999999999993,True,7.120717576782593,7.092532152351156
cat105,Q,4,12335.162499999999,5433.785,13328.8275,True,9.420290268543846,8.600575240355191
cat105,R,2,15316.645,15316.645,12531.355000000003,True,9.636760710851725,9.636760710851725
cat105,S,1,3637.2,3637.2,0.0,True,8.199244332828115,8.199244332828115
cat105,T,1,51383.04,51383.04,0.0,True,10.847082897389763,10.847082897389763
cat106,G,47165,2928.131985582529,2046.08,2526.39,False,7.9824614074657925,7.624169666480428
cat106,H,37713,2912.657092249357,2051.82,2621.79,False,7.977164303869692,7.626969736604247
cat106,F,36143,3278.1418116924438,2201.74,2767.725,False,8.095337024367053,7.6974573189567135
cat106,I,21433,2815.5252535809263,2015.21,2560.42,False,7.943259224593498,7.608974790432955
cat106,J,18281,3010.036765494229,2221.7,2817.25,False,8.010039738800488,7.7064779520907205
cat106,E,13000,3538.7423969230767,2281.435,2902.4100000000003,False,8.171809234249242,7.73299813451708
cat106,K,7958,2785.64882005529,2165.16,2625.2875000000004,False,7.932595013103751,7.680711293715498
cat106,L,2971,2660.348882531134,1994.26,2364.79,False,7.886588371940566,7.598529646646829
cat106,D,1934,4462.236458117891,2741.5150000000003,3613.13,False,8.403629445102968,7.916630661596598
cat106,M,1176,2941.4861564625853,2191.84,2922.02,False,7.987010134437752,7.692952786339896
cat106,N,231,2591.4112987012986,2028.74,2328.01,False,7.86034372493833,7.615662985015307
cat106,C,129,6771.240542635659,3183.76,3346.56,False,8.820587262798758,8.066132211948856
cat106,A,75,3259.5108,2003.69,2515.4,True,8.089639149203174,7.603244714320441
cat106,O,66,2319.965909090909,1961.1100000000001,2287.7775,True,7.749738718140246,7.581775703793263
cat106,R,32,3546.8984375,2844.31,2778.42,True,8.17411071773791,7.953427303717531
cat106,B,9,3540.1299999999997,2211.29,1832.1099999999997,True,8.172201164231002,7.70178345712311
cat106,P,2,759.425,759.425,169.93500000000006,True,6.633877487506753,6.633877487506753
cat107,F,47310,3072.6211885436483,2098.4849999999997,2778.8475,False,8.030611685712437,7.649447355540497
cat107,G,28560,3149.791914565826,2233.975,2769.9125,False,8.055409101673098,7.711985321302782
cat107,H,23461,3124.0431528920335,2254.84,2744.97,False,8.04720337100061,7.721277688117051
cat107,J,22405,3084.531565721937,2103.27,2682.7799999999997,False,8.034479228051342,7.651723892620594
cat107,K,20236,2946.549609112473,2038.5549999999998,2549.8925,False,7.988729463181668,7.620486925787969
cat107,I,20066,2913.9882148908605,2059.32,2481.99,False,7.977621055857333,7.630616589525474
cat107,E,12521,2871.4291749860236,1971.56,2318.26,False,7.962913353191273,7.587087470508354
cat107,L,6976,3003.2061697247705,2150.3599999999997,2737.0,False,8.007768642261588,7.673855479280672
cat107,D,3225,2636.230164341085,1817.15,1976.63,False,7.877484465191737,7.505574779584631
cat107,M,2067,3074.337929366231,2318.36,2956.9899999999993,False,8.031170069931381,7.74904656453445
cat107,N,797,3053.982032622334,2275.71,2729.42,False,8.024528990286383,7.7304866973905515
cat107,C,213,2076.430704225352,1553.98,1402.74,False,7.638887170806442,7.349217962794287
cat107,Q,140,2985.1141428571427,2211.245,2924.6025,False,8.00172820337562,7.701763116002517
cat107,O,125,2950.61352,2471.53,3120.76,False,7.9901072557401935,7.812997196891407
cat107,P,100,3138.6722999999997,2389.165,3534.1825,False,8.051873710398771,7.77911768019947
cat107,A,75,3259.5108,2003.69,2515.4,True,8.089639149203174,7.603244714320441
cat107,U,32,3546.8984375,2844.31,2778.42,True,8.17411071773791,7.953427303717531
cat107,R,5,3063.068,3061.6,1065.0700000000002,True,8.027498723825705,8.027019507381107
cat107,B,2,19845.899999999998,19845.899999999998,17321.159999999996,True,9.895803102634696,9.895803102634696
cat107,S,2,5553.495,5553.495,61.70499999999993,True,8.622362788850339,8.622362788850339
cat108,B,65512,2835.619131914764,2041.21,2590.7025,False,7.950368175502065,7.6217878337895
cat108,K,42435,2928.250686225993,2041.16,2581.2250000000004,False,7.982501930815027,7.621763350209411
cat108,G,21421,3094.658479062602,2225.51,2454.4400000000005,False,8.037755918244684,7.7081906161058145
cat108,D,19160,3719.431096033403,2378.755,3364.8425,False,8.22159482658341,7.774752820190243
cat108,F,10242,2563.8212624487405,1869.525,2103.14,False,7.849644071921027,7.533974419109203
cat108,A,9299,2985.5236143671364,2189.2,2695.115,False,8.001865319178481,7.691748142841659
cat108,E,7968,3771.1030860943774,2416.935,3275.1124999999997,False,8.235387972673223,7.790669149092988
cat108,I,7243,2969.863907220765,2174.46,2778.85,False,7.996608067352095,7.684995415413901
cat108,H,4305,3878.6507781649243,2478.45,3437.37,False,8.263500422938973,7.815792040369947
cat108,C,520,2365.833115384615,1847.03,1677.095,False,7.769308102332431,7.521875485836097
cat108,J,213,4203.008544600939,2569.94,4156.27,False,8.343793764487863,7.852026869770702
cat109,BI,152918,3146.284931531932,2141.13,2775.78,False,8.054295433649651,7.669555940109118
cat109,AB,21933,2609.7275730634206,2048.22,2329.99,False,7.86738422509521,7.6252145119237245
cat109,BU,3142,2639.220868873329,2054.755,2081.8875,False,7.878617855092872,7.628398456050406
cat109,K,2999,2313.3989663221073,1816.35,2002.5400000000002,False,7.74690530703294,7.505134675052703
cat109,G,1353,2893.4349445676276,2305.31,2737.95,False,7.970545187732754,7.743404123710583
cat109,BQ,1067,2415.1294189315836,1974.42,2293.2699999999995,False,7.789922125058591,7.588536312954514
cat109,N,461,1833.5566594360087,1625.31,1462.6799999999998,False,7.514558128810899,7.39406892384251
cat109,M,446,3144.4973766816147,2145.915,3213.1575,False,8.053727305018834,7.671787206969315
cat109,BO,329,1855.6795744680849,1500.16,1460.5099999999998,False,7.526544996366263,7.313993421555486
cat109,BH,257,2315.3504280155644,1930.47,2061.46,False,7.747748134680388,7.566036650015742
cat109,D,214,2190.0498130841124,2008.75,1787.1725000000004,False,7.692136074656107,7.60576561520807
cat109,AR,208,2923.4834615384616,2549.95,3031.0175,False,7.9808731497255145,7.844221117792925
cat109,AT,200,3003.6402999999996,2673.63,2739.9899999999993,False,8.007913139305463,7.891566332006314
cat109,CL,178,4416.924494382023,2621.495,4489.0375,False,8.393425293381783,7.871881433690942
cat109,AS,159,2669.9440251572328,1898.61,2445.85,False,7.890187256378664,7.549403880927271
cat109,AL,151,2319.1014569536424,1922.66,1833.2650000000003,False,7.749366195149699,7.56198490043297
cat109,R,149,3356.6499999999996,2696.88,3534.6799999999994,False,8.118996603497733,7.900221558387893
cat109,CD,143,2009.5355244755247,1643.42,1421.8399999999997,False,7.606156395654255,7.405143017440639
cat109,F,124,2864.1808870967743,2566.8,2907.745000000001,False,7.960386764013306,7.850804780156984
cat109,BL,122,1997.1469672131147,1690.835,1723.2024999999999,False,7.599975513667024,7.433569017680509
cat109,CI,109,1809.510458715596,1525.92,1258.9600000000003,False,7.501364105889147,7.33100791353842
cat109,I,94,2149.9256382978724,2122.7250000000004,1486.9075,True,7.673653557911371,7.660926901286485
cat109,L,89,3689.716853932584,3018.58,4032.75,True,8.213575987525148,8.012873027849707
cat109,U,78,1876.6805128205126,1728.065,1388.23,True,7.537792524327152,7.455336078961617
cat109,AW,74,2063.627027027027,1867.425,1657.5024999999996,True,7.632704872630215,7.532851108970891
cat109,H,73,1991.8964383561645,1965.4,1605.5,True,7.59734435617135,7.58395973881177
cat109,CA,66,1931.6733333333334,1794.98,1345.6475000000003,True,7.566659470272874,7.49330611294268
cat109,Q,66,2270.1943939393936,1861.85,1938.86,True,7.728061136830334,7.529862852062151
cat109,BX,61,1518.3565573770493,1276.72,955.1800000000001,True,7.32604220670107,7.152832518601481
cat109,T,59,1964.4981355932202,1737.66,1237.8,True,7.583500996295309,7.4608699805751995
cat109,O,58,1796.270344827586,1608.8449999999998,1277.3250000000003,True,7.4940243177763115,7.383893180052012
cat109,AQ,57,1939.4750877192982,1640.39,1299.28,True,7.570688112653529,7.4032987228168725
cat109,AH,55,2108.246727272727,1805.13,1738.88,True,7.654086161437434,7.498941713667615
cat109,AX,54,1646.7096296296297,1410.35,864.7225000000002,True,7.407141499332058,7.252301972120884
cat109,A,52,2252.565192307692,1839.025,2220.445,True,7.720268771070009,7.517534437467251
cat109,AE,52,2882.0209615384615,2651.245,2670.545,True,7.96659396835025,7.883161730145786
cat109,AM,52,1605.5507692307692,1563.965,916.6425000000002,True,7.381844780441112,7.3556187385069185
cat109,AJ,50,1975.3736,1889.2649999999999,1742.4175000000005,True,7.589018929262466,7.544472309865166
cat109,X,49,2759.8004081632653,2284.83,2538.89,True,7.923275919626171,7.7344844758852025
cat109,BD,43,1965.152558139535,1878.0,1443.7599999999998,True,7.583833895936369,7.538494999413465
cat109,CC,43,2297.1853488372094,1823.98,2308.08,True,7.739875111743257,7.509324307052433
cat109,C,39,4059.7602564102563,3210.76,4485.83,True,8.30912549033916,8.074574352474242
cat109,BA,33,2848.4166666666665,2424.76,2682.6000000000004,True,7.954869573950648,7.7939001563332715
cat109,S,25,1862.5783999999999,1426.31,1640.84,True,7.530253789405414,7.263546832846729
cat109,Y,23,2950.83,3136.1,1534.7749999999996,True,7.990180595986225,8.051054085272654
cat109,AU,22,2677.7054545454544,2024.915,2000.3874999999998,True,7.893088917455103,7.613776729338184
cat109,BJ,22,2541.0,1626.795,2785.435,True,7.8407064517494,7.394981617257802
cat109,AI,18,1527.1244444444446,1525.75,1033.5500000000002,True,7.331796409109433,7.330896572103244
cat109,AN,17,1522.1523529411766,1528.08,686.7199999999998,True,7.328537382653133,7.3324215263392665
cat109,E,17,1877.1670588235295,2047.16,2141.27,True,7.538051611521963,7.624697108107799
cat109,BR,16,1622.345625,1269.065,1519.4,True,7.392244499248442,7.146823359245292
cat109,BK,15,1694.0266666666669,1543.67,970.4449999999999,True,7.4354537522375015,7.342565574284767
cat109,AA,14,2418.3342857142857,1872.33,1786.2275,True,7.791247692759121,7.5354728748586135
cat109,BB,14,3510.847142857143,3730.68,1596.0025000000005,True,8.16389742956439,8.224613813382033
cat109,BC,14,1793.9635714285712,1756.46,738.1275000000003,True,7.492740006247681,7.471624863824109
cat109,CK,13,972.9530769230769,836.85,467.43999999999994,True,6.8813631268383935,6.730839086846733
cat109,CF,12,2625.8641666666667,2274.0950000000003,2478.6800000000003,True,7.873546081712492,7.729777088754958
cat109,V,11,1566.5454545454545,1277.43,950.3899999999999,True,7.357266270201761,7.15338804157021
cat109,AY,9,2495.366666666667,2216.07,1345.79,True,7.82259162040972,7.703941783317226
cat109,BS,9,1719.5933333333332,2038.62,1237.8199999999997,True,7.45042447156236,7.620518794977206
cat109,AF,8,1452.7275,1456.64,1196.6374999999998,True,7.281886226498999,7.28457396850018
cat109,CE,8,1643.81625,1486.1,458.5825,True,7.405383954832666,7.304583193694638
cat109,CG,8,2676.67625,2525.275,828.3049999999998,True,7.892704626485978,7.834501164759909
cat109,CJ,8,1564.05375,1126.24,968.03,True,7.355675447432399,7.027527446115249
cat109,P,8,1639.2475,1435.4099999999999,1887.9050000000002,True,7.402602424065923,7.269902224176761
cat109,AP,7,1084.1585714285713,1132.76,476.105,True,6.989481404077961,7.033294821677107
cat109,AV,6,1959.705,1841.975,1467.3875000000003,True,7.581059381427779,7.519136392737885
cat109,CH,6,1679.6066666666666,1268.3,1066.9375000000002,True,7.426910118323491,7.146220846394131
cat109,BE,5,1700.2900000000002,1614.7,408.07000000000016,True,7.4391420658127085,7.387523578282785
cat109,BG,3,3268.263333333334,3885.06,1096.0549999999998,True,8.092319958185676,8.265151069859362
cat109,BY,3,1470.3,1288.31,453.91499999999996,True,7.293901642703902,7.1618624705334595
cat109,AO,2,866.18,866.18,394.41999999999985,True,6.765246567688806,6.765246567688806
cat109,BM,2,1868.235,1868.235,613.1749999999997,True,7.533284535239027,7.533284535239027
cat109,BN,2,1680.49,1680.49,383.6100000000001,True,7.427435584091573,7.427435584091573
cat109,BT,2,1211.505,1211.505,361.5350000000001,True,7.100443746514476,7.100443746514476
cat109,BV,2,1727.245,1727.245,893.2049999999999,True,7.454861721721232,7.454861721721232
cat109,AG,1,1150.72,1150.72,0.0,True,7.049011756157492,7.049011756157492
cat109,AK,1,544.06,544.06,0.0,True,6.300895880346712,6.300895880346712
cat109,B,1,759.84,759.84,0.0,True,6.634423086084641,6.634423086084641
cat109,BF,1,2887.44,2887.44,0.0,True,7.968471842978575,7.968471842978575
cat109,BP,1,1624.06,1624.06,0.0,True,7.393300017159121,7.393300017159121
cat109,CB,1,2860.23,2860.23,0.0,True,7.959006881290403,7.959006881290403
cat109,J,1,2143.75,2143.75,0.0,True,7.670778274453075,7.670778274453075
cat109,ZZ,1,796.91,796.91,0.0,True,6.681995809134559,6.681995809134559
cat11,A,168186,2810.9213719929126,1969.1350000000002,2389.0175,False,7.94162329094393,7.585857347302886
cat11,B,20132,4928.856368964832,3953.77,4052.4399999999996,False,8.503065132528118,8.282677724275585
cat110,CL,25305,3523.7305382335503,2285.55,3047.0899999999997,False,8.167559269270138,7.734799410342073
cat110,EG,24654,3047.407985316784,2159.245,2686.705,False,8.022374761299352,7.677976920171902
cat110,CS,24592,3024.8991513500328,2056.51,2660.3725000000004,False,8.014963566413563,7.629251792806729
cat110,EB,21396,2912.5478514675638,2130.495,2614.595,False,7.977126810497531,7.664578890436621
cat110,CO,17495,3117.470019434124,2149.32,2807.795,False,8.045097782142227,7.673371947255852
cat110,BT,16365,3180.054736327528,2149.62,2884.56,False,8.064968098871622,7.673511451643492
cat110,EL,9236,2676.473775443915,1959.49,2263.395,False,7.892629007855232,7.5809497209797705
cat110,BC,4131,2554.9644904381507,1939.76,1983.365,False,7.846184922771091,7.570834927919687
cat110,DW,3640,2709.7820384615384,2073.17,2275.8325000000004,False,7.904992447322026,7.637316352643459
cat110,CQ,3271,3053.205074900642,1991.56,2694.71,False,8.024274633131427,7.597175523134448
cat110,DX,3096,2909.06940245478,2083.3900000000003,2620.795,False,7.975932209521958,7.642231525479894
cat110,AI,2965,2786.2811568296797,2130.15,2657.25,False,7.932821903925747,7.664417019109896
cat110,BP,2867,2877.9677886292293,2051.7,2372.7349999999997,False,7.965187102160988,7.626911278723133
cat110,W,2703,2970.150318165002,2136.2,2618.1450000000004,False,7.996704469324084,7.667251840083616
cat110,C,2681,2425.9131219694145,1973.47,2117.9300000000003,False,7.79437540861676,7.58805528689135
cat110,AC,2611,3669.9497165836847,2567.85,3412.8899999999994,False,8.208205685931949,7.851213606927203
cat110,CM,1925,2747.197496103896,2056.02,2477.1,False,7.918700519793226,7.629013612503114
cat110,BS,1920,2859.8451770833335,2103.46,2580.8975,False,7.958872376620213,7.6518141811399945
cat110,DK,1745,2938.1723094555873,2020.68,2659.1400000000003,False,7.985883293300392,7.611684127906759
cat110,V,1692,2626.0157092198583,2012.0,2614.6875,False,7.873603769576247,7.607381425639791
cat110,A,1296,2946.2364583333333,2212.3199999999997,2605.6025,False,7.988623216483026,7.70224892968784
cat110,EE,1185,3509.414194092827,2275.86,3157.16,False,8.163489313513036,7.730552579764185
cat110,EF,1159,3285.088723037101,2262.15,2873.2700000000004,False,8.097453298548324,7.724512927131082
cat110,CI,1066,3566.819324577861,2313.1949999999997,3130.0374999999995,False,8.179709854687347,7.746817173866055
cat110,DM,796,3077.0165452261303,1948.185,2990.7225000000003,False,8.032040689701509,7.575166615474934
cat110,CR,767,2842.394185136897,1999.57,2500.5,False,7.952753753160784,7.601187418937297
cat110,AM,643,2429.6731570762054,1750.99,1635.46,False,7.795923517344736,7.46850756371749
cat110,AD,626,2060.47214057508,1729.475,1533.2575000000004,False,7.63117563790336,7.456151216279337
cat110,AP,576,2668.304322916667,2249.6800000000003,2520.4300000000003,False,7.889573164229677,7.718987671760752
cat110,T,529,2329.314933837429,1991.78,2033.4299999999998,False,7.75375870216291,7.59728592776754
cat110,DL,395,2670.2985316455693,1817.66,2360.545,False,7.890319974608915,7.50585524515932
cat110,U,343,2235.0475510204083,1837.22,1986.505,False,7.712465100158175,7.51655299107372
cat110,AK,336,2764.5647321428573,1880.52,2525.6224999999995,False,7.925000136191296,7.539835239793631
cat110,CH,296,2492.004358108108,2076.0249999999996,2437.3975,False,7.82124383166006,7.6386918603949105
cat110,I,236,2810.34,2254.285,2917.7,False,7.941416516989627,7.721031629760078
cat110,DJ,233,2672.629184549356,2314.5,2305.71,False,7.891192073606416,7.747380925920806
cat110,N,222,1538.2295045045046,1368.275,1070.065,False,7.339037248454663,7.222036681667683
cat110,CG,206,1916.5368446601942,1712.96,1433.9700000000003,False,7.558796748003453,7.4465617616625375
cat110,AY,202,2869.350297029703,2192.075,2142.8,False,7.9621893560197785,7.693059947559493
cat110,EA,181,3123.9773480662984,2224.66,3114.6099999999997,False,8.047182313525447,7.707808779828077
cat110,EM,176,4427.839375,2621.495,4455.8724999999995,False,8.395892836613934,7.871881433690942
cat110,E,175,2485.3404571428573,2089.18,2045.4199999999998,False,7.81856721246978,7.645005465652277
cat110,CJ,153,3206.171633986928,2020.4,2940.15,False,8.073144716810177,7.611545619640562
cat110,BG,146,1803.6042465753426,1608.135,1496.9775,False,7.498096592752435,7.383452046518089
cat110,DU,138,2597.97847826087,2064.2799999999997,1592.4275,False,7.862873753830317,7.633021089423543
cat110,AL,121,1984.5146280991735,1848.45,1320.1599999999999,False,7.593633418007865,7.522643576573471
cat110,DH,120,3196.9566666666665,2498.3100000000004,3125.3675000000007,False,8.070267343166595,7.823769972761283
cat110,O,104,1370.5470192307694,1229.88,961.8575000000001,False,7.223694592860199,7.115484639710624
cat110,AR,90,2671.805,1694.355,3059.4075000000003,True,7.890883761738193,7.435647437413178
cat110,CV,72,1747.350138888889,1656.31,1266.5325000000003,True,7.466427844445292,7.412951085021872
cat110,CN,70,4063.7395714285717,2534.2799999999997,4129.635,True,8.31010495386036,7.838059363574644
cat110,X,66,3258.7730303030303,2625.0600000000004,2757.1825,True,8.089412849330555,7.87323990304041
cat110,DI,62,1492.8798387096774,1227.3000000000002,1167.58,True,7.3091319332143,7.113386378545049
cat110,BA,61,3224.240491803279,2446.4,3559.46,True,8.078762797551379,7.802781515551568
cat110,AB,56,2358.5812499999997,1823.455,2311.87,True,7.76623944583527,7.509036591280747
cat110,BR,52,1523.6153846153845,1336.475,937.5775,True,7.329497450422442,7.198538787006687
cat110,D,52,2034.9055769230768,1804.365,1247.0475,True,7.61869599983814,7.498518066390551
cat110,AW,48,2236.6725,1755.98,1525.5649999999998,True,7.713191542149413,7.4713517050830385
cat110,AT,39,2536.108205128205,2246.12,1873.3250000000003,True,7.83878020950892,7.717404675298743
cat110,CT,39,1999.0771794871794,1668.2,1382.7000000000003,True,7.600941048541107,7.420099748717398
cat110,AU,38,3333.886315789474,1838.4099999999999,3911.0150000000003,True,8.112193869549658,7.517200147009218
cat110,BO,38,1585.6105263157895,1524.3899999999999,1565.48,True,7.369355275357296,7.330005394051117
cat110,CF,35,2096.978285714286,1849.41,1642.185,True,7.64872943890949,7.523162515139548
cat110,G,34,1687.920294117647,1459.46,1422.3574999999998,True,7.431844724526498,7.286506733571878
cat110,BX,31,1521.8667741935485,1243.42,622.1099999999999,True,7.328349873161862,7.1264248368969
cat110,DC,29,2130.081724137931,1481.88,1556.92,True,7.664384981498385,7.301741421803957
cat110,AO,27,2112.2385185185185,1535.21,1966.8849999999998,True,7.655976892702366,7.337073623112461
cat110,CP,27,2376.678888888889,2128.9,2566.4849999999997,True,7.773880034023839,7.663830309244554
cat110,BJ,26,2204.1711538461536,2317.55,1270.9675000000002,True,7.698560405660515,7.7486972692664375
cat110,CK,26,1384.965,1233.92,739.9100000000001,True,7.234151926905746,7.118761469636
cat110,DR,26,2283.512307692308,2230.075,2130.4849999999997,True,7.733907848466296,7.710238811079499
cat110,DA,22,2406.217727272727,1959.7150000000001,1894.4750000000001,True,7.7862268895595435,7.581064481621077
cat110,J,22,1932.1531818181816,1597.435,930.5124999999998,True,7.5669077217065235,7.376780304551453
cat110,AX,21,2758.193333333333,2578.01,2175.38,True,7.922693645460439,7.855160883345715
cat110,BW,21,1658.6038095238096,1481.7,675.8,True,7.414334183903059,7.30162002902398
cat110,AA,20,2578.1580000000004,2120.81,2099.9624999999996,True,7.855218268060615,7.660024776993611
cat110,DF,20,2180.564,1700.835,1957.3275,True,7.68779732974506,7.439462359663014
cat110,K,20,1856.3259999999998,1625.1,1388.0475000000001,True,7.526893097910798,7.393939788831677
cat110,R,20,3052.4375,2839.865,1230.1825,True,8.024023284138663,7.951863862245741
cat110,BF,19,1564.5742105263157,1370.73,850.6099999999999,True,7.356007943364636,7.223827995916631
cat110,BQ,19,1646.255263157895,1775.74,884.6200000000001,True,7.406865704906685,7.482535503437331
cat110,BL,18,1573.666111111111,1313.615,1033.06,True,7.361798535840727,7.1812991260793035
cat110,DQ,17,2165.280588235294,2009.88,1646.39,True,7.680766961292638,7.606327716187147
cat110,DS,17,3654.3841176470587,4000.77,3539.75,True,8.203956460409403,8.294492042227775
cat110,AE,16,4646.9825,1809.42,2427.24,True,8.444188533464418,7.501314141540675
cat110,BE,15,1947.3266666666666,2038.66,1891.6100000000001,True,7.5747261635042324,7.620538406281163
cat110,DG,15,2153.5026666666668,2424.33,2044.9700000000003,True,7.675315194774629,7.79372287658743
cat110,P,15,2141.1753333333336,1951.68,1029.4699999999998,True,7.669577102621967,7.5769580669652905
cat110,AJ,14,2635.558571428571,2455.09,2015.3874999999998,True,7.877229774323447,7.806325933546764
cat110,DE,14,1684.2507142857141,1665.4450000000002,538.4474999999998,True,7.429669623579009,7.418447893902844
cat110,DY,14,4140.4121428571425,2003.8850000000002,3784.1800000000003,True,8.328792105967388,7.603341981487238
cat110,DP,13,1678.3015384615383,1586.76,840.0700000000002,True,7.42613323503318,7.370079496884003
cat110,B,12,1576.5308333333332,1770.0700000000002,1041.3075000000001,True,7.363616139919018,7.479339162693414
cat110,DO,12,2071.6141666666667,1411.4,2277.0525,True,7.636565971941785,7.253045664054231
cat110,L,11,3019.605454545455,2245.11,3493.4500000000007,True,8.013212571912725,7.716955110056363
cat110,Y,11,2367.635454545454,1789.79,1271.3849999999998,True,7.770069310741378,7.490412142254726
cat110,CC,10,1939.309,1897.9850000000001,1092.3699999999997,True,7.570602517724439,7.549074811886935
cat110,CY,10,1931.4990000000003,1338.58,517.9525000000001,True,7.566569262997019,7.200111410978798
cat110,AV,9,2351.6944444444443,2761.02,894.6899999999998,True,7.7633165224304355,7.9237175750726365
cat110,BY,8,1727.9225000000001,1456.9650000000001,765.8174999999999,True,7.455253661081228,7.284796906793499
cat110,CD,8,1796.5975,1537.855,1008.19,True,7.494206330126939,7.338793912376135
cat110,CW,8,1455.7450000000001,1387.7849999999999,790.7025,True,7.28395977371937,7.236184543156513
cat110,ED,8,1504.3775,1545.705,578.3799999999999,True,7.316798976295034,7.343882140727819
cat110,H,8,1311.545,1263.555,509.52250000000004,True,7.179723279592323,7.142475560616869
cat110,AG,7,2527.23,2834.62,966.0699999999997,True,7.835274732140885,7.950015887136973
cat110,BB,6,3476.615,2405.11,3363.7925,True,8.15410199298481,7.785766614525285
cat110,CX,6,1168.985,1091.48,644.0525000000001,True,7.064746207196798,6.996205620166021
cat110,AH,4,1956.4875,2073.71,497.4675,True,7.5794170421485285,7.63757666386145
cat110,BU,4,1683.575,1924.44,476.6400000000001,True,7.429268585452968,7.562909792031987
cat110,DB,4,1528.2424999999998,1430.365,620.2224999999999,True,7.332527793745763,7.266383813419692
cat110,EK,4,2067.2,1819.955,744.8299999999999,True,7.634433942750874,7.507116367725399
cat110,AF,3,1371.0266666666666,1131.85,830.2149999999999,True,7.224044244442914,7.032491860383463
cat110,AN,3,832.54,826.1,555.76,True,6.725681691441266,6.717925606697861
cat110,DD,3,1624.5366666666666,2001.22,843.7349999999997,True,7.39359329665145,7.60201184394758
cat110,DT,3,1631.18,1905.04,503.3299999999999,True,7.39767182355975,7.552783070352803
cat110,Q,3,4259.833333333333,4821.21,3399.145,True,8.357220038286044,8.480987608186853
cat110,BN,2,2185.7,2185.7,190.57000000000016,True,7.6901488370562765,7.6901488370562765
cat110,BV,2,1166.315,1166.315,3.8649999999997817,True,7.062461518743107,7.062461518743107
cat110,CU,2,1265.315,1265.315,212.45500000000015,True,7.143866386920639,7.143866386920639
cat110,DN,2,1277.435,1277.435,304.2349999999999,True,7.153391952609706,7.153391952609706
cat110,EI,2,1966.935,1966.935,147.375,True,7.5847400486114624,7.5847400486114624
cat110,EJ,2,3153.17,3153.17,385.50999999999976,True,8.056480665880207,8.056480665880207
cat110,AS,1,1467.99,1467.99,0.0,True,7.292330368798767,7.292330368798767
cat110,BD,1,1576.5,1576.5,0.0,True,7.363596594415368,7.363596594415368
cat110,BI,1,1068.07,1068.07,0.0,True,6.974544390639862,6.974544390639862
cat110,BK,1,2726.89,2726.89,0.0,True,7.911283695569731,7.911283695569731
cat110,BM,1,2716.54,2716.54,0.0,True,7.907482338298259,7.907482338298259
cat110,CB,1,1810.32,1810.32,0.0,True,7.501811140231098,7.501811140231098
cat110,DV,1,601.09,601.09,0.0,True,6.400406935795691,6.400406935795691
cat110,EH,1,7020.68,7020.68,0.0,True,8.856757784627609,8.856757784627609
cat110,S,1,1105.51,1105.51,0.0,True,7.008966196955915,7.008966196955915
cat111,A,128395,2826.826831185015,1974.74,2457.87,False,7.947263791472941,7.588698290703175
cat111,C,32401,3112.7932162587576,2063.98,2718.62,False,8.043596945647883,7.6328758201182065
cat111,E,14682,3487.3093052717613,2512.755,2853.9400000000005,False,8.157172458067416,7.829532930145053
cat111,G,7039,4014.2854823128287,3056.19,3218.7650000000003,False,8.297863727791535,8.025251472396482
cat111,I,3578,4538.145086640581,3612.685,3659.6575,False,8.42049396639606,8.192483306313031
cat111,K,1353,5175.607575757575,4239.77,3721.4500000000003,False,8.551905212552597,8.352500135511619
cat111,M,473,6090.626152219873,4950.27,3949.89,False,8.714670345129374,8.507399388311962
cat111,O,221,6091.21592760181,4989.28,4287.299999999999,False,8.71476715783895,8.515247299395782
cat111,Q,91,6552.888901098901,5631.94,4557.71,True,8.78781387780274,8.636386787320145
cat111,S,38,7827.693421052631,5441.915,6029.857500000001,True,8.965550906740555,8.602070041924241
cat111,U,16,9587.939375,8083.0599999999995,7933.952499999999,True,9.168365564785171,8.99764950056425
cat111,W,16,9498.15375,6622.725,9763.165,True,9.158957994673498,8.798413179502813
cat111,B,7,2578.652857142857,2299.89,2253.2650000000003,True,7.855410117367782,7.741051283590614
cat111,D,3,4634.71,1786.1,5316.405000000001,True,8.441544648577265,7.488349473302751
cat111,F,3,3365.9233333333336,3425.22,1757.5649999999996,True,8.121754648879064,8.13921289165017
cat111,Y,2,5891.655000000001,5891.655000000001,3676.455000000001,True,8.681461939088848,8.681461939088848
cat112,E,25148,3208.4092802608557,2180.865,2802.0650000000005,False,8.073842174348558,7.687935294634818
cat112,AH,18639,3476.60654219647,2553.71,3104.535,False,8.154099560911733,7.845693993260438
cat112,AS,17669,3409.983391816175,2453.19,2951.13,False,8.134755913399514,7.805552046886603
cat112,J,16222,2832.797108248058,1882.755,2468.1375,False,7.949372825679347,7.541022404217209
cat112,AF,9368,3426.8236016225446,2489.465,2972.8650000000002,False,8.139680820290549,7.820224719011657
cat112,AN,9138,3111.434439702342,2175.675,2723.3525,False,8.043160477001676,7.685553762078959
cat112,N,8453,3043.5846279427424,2138.78,2583.75,False,8.021119759654496,7.668458298992913
cat112,U,8356,2594.619455481092,1726.35,2308.6475,False,7.861580478281062,7.454343721191649
cat112,AV,7122,2380.850900028082,1596.855,2112.6775,False,7.7756331535094825,7.376417383786212
cat112,AK,6726,2636.81151798989,1865.1999999999998,2219.7974999999997,False,7.877704881895971,7.531659556799921
cat112,K,6059,3277.2317643175443,2339.21,2839.7299999999996,False,8.095059459768912,7.757995947914775
cat112,AI,4749,2378.319208254369,1618.94,1937.3999999999996,False,7.774569678794342,7.3901443905035045
cat112,S,4201,3119.163334920257,2189.05,2667.0699999999997,False,8.045640630369245,7.691679653600151
cat112,AP,4000,2301.9110425,1546.865,1822.0975,False,7.741929272283509,7.344631841044395
cat112,G,3168,3250.2314551767677,2395.43,2815.4375,False,8.086789112840949,7.781735408909578
cat112,F,3149,2949.4149761829153,2098.66,2526.4399999999996,False,7.989701109333297,7.649530705841618
cat112,AW,3145,2856.063923688394,1983.26,2239.96,False,7.957549776390128,7.593001327645825
cat112,A,2411,2803.3353878058897,1997.66,2294.44,False,7.938921851488838,7.600232234991777
cat112,AR,2365,2784.8585835095137,1941.63,2176.8,False,7.932311393363536,7.571798004069411
cat112,C,2257,3250.37447939743,2183.24,2895.3799999999997,False,8.086833102657376,7.68902322093721
cat112,O,2183,2727.8247869903803,1978.33,2283.69,False,7.911626314539574,7.590513682585468
cat112,D,1645,2858.5309240121583,2064.5,2521.7400000000002,False,7.958412877779202,7.633127606836819
cat112,AD,1531,3292.1655127367735,2261.3,2881.6650000000004,False,8.099604543104398,7.724137273876711
cat112,AY,1414,2787.4676661951908,2060.165,2277.8975,False,7.933247500350938,7.631026635910134
cat112,Y,1351,2837.032427831236,2066.76,2313.3299999999995,False,7.950866283951831,7.634221174734908
cat112,AG,1331,2963.763193087904,2130.44,2589.8950000000004,False,7.994552440818275,7.664553086618358
cat112,AT,1272,3056.9869182389934,2165.0699999999997,2587.92,False,8.02551210859856,7.680669744674928
cat112,AA,1241,2787.083883964545,2073.04,2240.8599999999997,False,7.933109858933012,7.637253675006578
cat112,AM,1170,2676.2884444444444,1887.795,2129.885,False,7.892559786854585,7.543694338584403
cat112,AL,1130,3185.889725663717,2375.2,2812.36,False,8.066800712520836,7.773257852024187
cat112,R,1123,2919.011513802315,2097.06,2427.915,False,7.979342838337538,7.648768387212704
cat112,AX,1074,2942.7488919925513,2028.045,2542.1074999999996,False,7.987439181371468,7.615320517992889
cat112,I,940,2470.653468085106,1677.72,2061.4849999999997,False,7.812642625937584,7.425786877238454
cat112,X,925,2816.7135783783783,1942.62,2225.0199999999995,False,7.943681047256866,7.572307492661969
cat112,AE,834,2428.361139088729,1670.695,1858.5000000000002,False,7.795383596044022,7.421593360736833
cat112,Q,793,2843.7460151324085,1980.88,2259.94,False,7.953229068456599,7.591801168152879
cat112,V,693,2969.9688888888886,2341.72,2623.56,False,7.996643403811984,7.759067926458278
cat112,H,548,2852.9845437956205,2022.665,2425.805,False,7.956471382393393,7.612665502874438
cat112,AO,534,3215.660992509363,2564.42,2877.1575000000003,False,8.07609914167664,7.849877486890557
cat112,T,521,2562.0407869481764,1898.01,2117.0200000000004,False,7.848949639990151,7.549087976727858
cat112,L,493,3060.4665720081134,2319.1,2744.4500000000007,False,8.02664935203041,7.749365567179704
cat112,W,461,3350.8115835140998,2464.66,2681.5,False,8.117256249853298,7.810214799117265
cat112,AC,454,2768.016762114538,1966.71,2420.05,False,7.926247576642902,7.584625709030406
cat112,M,439,2816.543667425968,2118.86,2190.045,False,7.943620744436585,7.6591053277496215
cat112,AU,434,2572.4665898617513,1701.59,2391.375,False,7.85300913663502,7.439905900062569
cat112,B,423,3192.5594089834512,2377.39,2649.985,False,8.068891375923473,7.774179067167817
cat112,P,406,2932.139581280788,1978.875,2565.495,False,7.983828657780575,7.590788990382585
cat112,AB,246,3233.393577235772,2319.27,2791.0225,False,8.081596732557761,7.749438837199154
cat112,BA,190,3124.5713684210527,2436.94,2723.9375,False,8.047372383352428,7.798908699402037
cat112,AJ,144,3191.479861111111,2312.635,2576.4624999999996,False,8.068553279699206,7.746575159789162
cat112,AQ,30,2735.1536666666666,2187.4449999999997,1795.52,True,7.9143084418826115,7.690946524946635
cat113,BM,26191,2874.4716967660643,2029.09,2607.67,False,7.963972008214067,7.615835406028436
cat113,AE,22030,2907.740038129823,2045.145,2650.265,False,7.97547528981642,7.623712813990638
cat113,L,13058,2917.420246592127,2109.4399999999996,2350.7825000000003,False,7.978797737421781,7.654651735536273
cat113,AX,12661,3095.9888602795986,2170.08,2867.82,False,8.038185583027632,7.6829800185775365
cat113,Y,11374,3014.1131176367153,2129.52,2606.3624999999997,False,8.01139262674496,7.664121360363636
cat113,K,7738,2767.2489286637374,2037.71,2378.4325,False,7.925970243569649,7.6200725338776385
cat113,S,7033,2744.9109242144177,2000.62,2206.16,False,7.9178681474239285,7.601712131669122
cat113,X,7016,2987.1152822120866,2104.51,2731.835,False,8.002398127239404,7.652312997056389
cat113,AF,6079,2942.861834183254,2144.61,2780.2899999999995,False,7.987477547423834,7.6711791732175225
cat113,AN,5214,3469.9800632911392,2225.63,3050.5149999999994,False,8.152192272051323,7.70824451066113
cat113,H,5094,4008.1898351001178,2476.3450000000003,3772.295,False,8.296344463753933,7.814942701179384
cat113,AT,4664,4359.476989708404,2791.375,3840.2225000000008,False,8.38033673166846,7.934647767184088
cat113,AJ,4425,2923.3138056497173,2111.84,2597.7200000000003,False,7.980815135784855,7.655788293026353
cat113,AD,4419,3065.506100927812,2191.53,2453.11,False,8.028294114605169,7.6928114071629885
cat113,AS,3901,3120.5703845167905,2171.51,2938.5700000000006,False,8.046091482547059,7.683638460120898
cat113,AK,3520,2872.2603551136363,2101.635,2642.775,False,7.9632026762147525,7.650946599060449
cat113,BN,3486,3300.1457974756167,2434.105,2892.4974999999995,False,8.102024898546905,7.797745155736897
cat113,I,3279,2454.81713937176,1767.75,1986.2399999999998,False,7.806214831841956,7.478028361391548
cat113,A,3269,3267.95858060569,2236.9,2956.13,False,8.092226736287774,7.713293205121109
cat113,J,3105,3093.8872528180354,2104.42,2575.74,False,8.0375067556403,7.652270251154646
cat113,N,2839,2495.433744276154,1913.4,2091.82,False,7.822618490143726,7.557159536594163
cat113,BC,2793,2717.8966201217327,2046.51,2354.09,False,7.907981422623043,7.624379699720182
cat113,Q,2784,2954.2613685344827,2090.105,2720.7275000000004,False,7.991342375517422,7.645447913375927
cat113,BJ,2605,3076.101190019194,2164.85,2816.91,False,8.031743260715402,7.680568173085338
cat113,M,2485,2459.8116941649896,1722.22,1989.6600000000003,False,7.808246531480214,7.451949912648606
cat113,AG,2415,3814.935817805383,2514.82,3683.5249999999996,False,8.246941213193342,7.830354073130705
cat113,AW,1825,2738.654202739726,1959.26,2386.5,False,7.915586988038137,7.580832396488148
cat113,BG,1804,2671.877433481153,2062.5,2284.91,False,7.890910861545208,7.632158849192637
cat113,AU,1630,2600.4889386503064,1922.8200000000002,2168.7850000000003,False,7.863839228809078,7.562068071755546
cat113,AO,1628,3094.4798157248156,2104.255,2739.3525,False,8.037698202416243,7.6521918789221255
cat113,F,1463,4289.362775119617,2803.5,3749.715,False,8.364126571311763,7.938980548948392
cat113,BO,1413,3156.226857749469,2270.92,2649.46,False,8.057449344623565,7.728380567953505
cat113,BH,1221,3208.715765765766,2478.25,3101.7800000000007,False,8.073937665713174,7.815711374066234
cat113,BK,693,2972.4851803751803,2356.56,2595.83,False,7.9974900052348445,7.7653824648730385
cat113,AV,528,3817.1173863636363,2692.0249999999996,3338.4975000000004,False,8.24751274932475,7.898420376095653
cat113,AY,466,1766.7560300429186,1477.205,1371.9450000000002,False,7.477466241618636,7.298583792837286
cat113,AM,450,4116.1719111111115,2512.73,3520.9725,False,8.32292177730112,7.829522984814535
cat113,AI,440,3903.6272272727274,2441.035,3321.4175000000005,False,8.269917597351657,7.800586987082273
cat113,BF,347,2976.068645533141,2135.24,2634.25,False,7.998694419377119,7.666802553318786
cat113,BD,337,5360.863234421365,3165.86,4088.44,False,8.587066812021778,8.060495839688466
cat113,AH,209,2144.7585645933013,1879.13,1587.19,False,7.671248412012152,7.539096202369488
cat113,C,143,4310.1658041958035,3160.92,4190.225,False,8.368963634734936,8.058934717006599
cat113,BB,53,1425.0205660377358,1324.39,750.03,True,7.262643023056593,7.189462034733555
cat113,BA,42,1658.692619047619,1364.47,1019.9624999999999,True,7.414387694956225,7.219253970698048
cat113,BI,32,3546.8984375,2844.31,2778.42,True,8.17411071773791,7.953427303717531
cat113,AB,18,1035.7033333333334,934.1,671.905,True,6.943801085654594,6.8406534754414015
cat113,G,18,20191.35722222222,9649.11,13421.067500000001,True,9.913059456459322,9.174724593231794
cat113,AQ,17,10177.875294117648,8767.18,10173.75,True,9.22806980208715,9.078884538174156
cat113,V,15,3857.2833333333333,3758.82,2129.21,True,8.257977631239074,8.232126362897597
cat113,U,11,36429.88,17556.73,33245.240000000005,True,10.503172045626314,9.773249587762267
cat113,O,10,1596.186,1339.865,935.7599999999998,True,7.375998609811306,7.20107020707306
cat113,E,7,24281.04857142857,12942.39,31325.535000000003,True,10.09749261440785,9.468340512106222
cat113,AP,6,7758.738333333334,6744.45,6230.545,True,8.956703892677464,8.816623482502427
cat113,AL,3,13411.536666666667,2524.74,18312.124999999996,True,9.503945120703468,7.83428936807997
cat113,BE,3,36664.12333333333,38504.79,18446.6,True,10.509581264311505,10.558563898578882
cat113,BL,3,6310.173333333333,7118.71,1608.7749999999996,True,8.750076886479352,8.87062227323944
cat113,T,2,2554.83,2554.83,819.6700000000001,True,7.846132303113382,7.846132303113382
cat113,AC,1,1594.78,1594.78,0.0,True,7.3751179238967834,7.3751179238967834
cat113,AR,1,2622.55,2622.55,0.0,True,7.87228364145478,7.87228364145478
cat113,B,1,4361.04,4361.04,0.0,True,8.380695116824985,8.380695116824985
cat113,P,1,2029.8,2029.8,0.0,True,7.61618508307324,7.61618508307324
cat114,A,131693,3259.916396087871,2341.86,2807.66,False,8.08976353795312,7.759127684268428
cat114,C,16793,2070.5943863514563,1320.86,1564.5500000000002,False,7.6360738247330975,7.186795114652528
cat114,E,16475,2088.414701669196,1308.6,1614.7100000000003,False,7.644639258690128,7.177477026056925
cat114,J,8199,2719.6064166361753,1930.78,2107.3050000000003,False,7.9086100817337,7.566197136652986
cat114,F,7905,2614.4474003795067,1845.34,2008.91,False,7.86919045187608,7.52096058011854
cat114,N,2455,3632.444688391039,2815.23,2895.2899999999995,False,8.1979364272605,7.943154390078982
cat114,I,2432,3541.981097861842,2726.1549999999997,2895.3574999999996,False,8.172723769785433,7.911014220247548
cat114,R,912,5435.395460526316,4546.98,4510.7699999999995,False,8.600871521066185,8.422438457323379
cat114,L,870,4951.500689655172,4130.665,4224.2575,False,8.507647917826644,8.326435752412637
cat114,U,250,6385.0257599999995,5480.139999999999,5165.957499999999,False,8.761867407090582,8.609068387504069
cat114,O,240,6021.068833333334,4905.6849999999995,4946.6025,False,8.703186139287435,8.49835384002082
cat114,Q,43,7949.2044186046505,7325.0,5364.994999999999,True,8.980952920349834,8.89918494333876
cat114,V,33,8858.997272727273,8111.18,4567.24,True,9.089301735780486,9.001121914933897
cat114,B,6,1649.39,1231.48,1702.325,True,7.408766902601506,7.116783678604656
cat114,D,5,1782.4119999999998,1334.31,1211.79,True,7.486283662398563,7.19691875361567
cat114,S,4,7200.9075,6780.215,2954.727499999999,True,8.8821012004718,8.821911568419228
cat114,G,1,3425.22,3425.22,0.0,True,8.13921289165017,8.13921289165017
cat114,W,1,2641.76,2641.76,0.0,True,7.8795791045788,7.8795791045788
cat114,X,1,8014.22,8014.22,0.0,True,8.989097513200948,8.989097513200948
cat115,K,43866,3016.756871836958,2099.2650000000003,2777.7675,False,8.012269076717889,7.649818806226357
cat115,O,26813,2948.5254413903704,2076.66,2504.92,False,7.9893995690680315,7.638997539407853
cat115,J,23895,3140.750020087885,2090.8,2690.05,False,8.052535254889106,7.6457802183201675
cat115,N,22438,3017.6715848114804,2087.77,2598.4849999999997,False,8.012572141017612,7.64433065496849
cat115,P,21538,3025.4223655864052,2116.485,2544.4800000000005,False,8.015136463453555,7.657984342675854
cat115,L,16125,3054.0952074418606,2245.26,2781.92,False,8.024566035585515,7.717021889952077
cat115,M,12444,2978.0426607200257,2150.4,2716.7975000000006,False,7.999357273094137,7.673874071997905
cat115,Q,8258,3091.162018648583,2219.725,2710.5724999999998,False,8.036625807638716,7.705588998128379
cat115,I,7090,2991.019256699577,2021.9099999999999,2464.4825,False,8.00370377513635,7.6122923477945195
cat115,H,2793,3336.945456498389,2129.61,2656.5099999999998,False,8.113110763914039,7.664163602679647
cat115,R,2038,2904.8017320902845,2176.795,2443.5600000000004,False,7.974464614717412,7.686068176014385
cat115,G,315,4106.091396825397,2293.08,3633.3699999999994,False,8.32047036762309,7.738087170664508
cat115,F,269,5235.4926022304835,3263.84,5190.96,False,8.563407202480509,8.090966035915587
cat115,S,250,2852.30732,1978.005,2208.0,False,7.95623406360369,7.590349472127924
cat115,A,75,3259.5108,2003.69,2515.4,True,8.089639149203174,7.603244714320441
cat115,T,56,3454.972142857143,3009.115,2913.9825,True,8.147859069375587,8.009733562993159
cat115,U,26,3009.0223076923075,2129.27,3208.9325,True,8.009702768908916,7.66400401123341
cat115,E,11,29163.914545454547,14163.63,19170.034999999996,True,10.280721709145885,9.55850329120338
cat115,W,6,2708.9733333333334,2178.4049999999997,1433.755,True,7.904694073726931,7.686807182749569
cat115,X,5,3063.068,3061.6,1065.0700000000002,True,8.027498723825705,8.027019507381107
cat115,D,4,17578.39,7316.695,12068.455,True,9.774482472116114,8.898050666656484
cat115,B,2,19845.899999999998,19845.899999999998,17321.159999999996,True,9.895803102634696,9.895803102634696
cat115,C,1,542.81,542.81,0.0,True,6.298599921142937,6.298599921142937
cat116,HK,21061,3125.6688960638144,2110.69,2821.88,False,8.047723466358713,7.655243853749839
cat116,DJ,20244,2911.9006871171705,2032.92,2726.315,False,7.97690466338724,7.6177202444682415
cat116,CK,10162,3037.328947057666,2211.585,2945.3325000000004,False,8.0190629547983,7.701916794223225
cat116,DP,9202,3107.6975168441645,2087.0550000000003,2927.34,False,8.041959112576766,7.64398828965178
cat116,GS,8736,3071.702022664835,2123.7200000000003,2734.1625000000004,False,8.030312591163035,7.661395307970904
cat116,CR,6862,2967.1341241620516,2240.6549999999997,2711.1425,False,7.995688793347784,7.71496971132742
cat116,HX,5629,2472.334261858234,1788.67,2009.24,False,7.813322422907627,7.489786524296961
cat116,DC,4557,2499.71294711433,2001.8,2078.69,False,7.824331149046266,7.60230148045579
cat116,HG,4414,2709.4646624376983,1955.3899999999999,2331.9474999999998,False,7.904875361329924,7.578856217222983
cat116,IE,4225,3155.7954650887573,2085.83,2934.0000000000005,False,8.057312698714087,7.643401447123109
cat116,HQ,4044,3297.234396636993,2135.5950000000003,2889.3399999999997,False,8.101142572952117,7.666968719342429
cat116,HV,3853,3377.369356345705,2311.88,2946.38,False,8.125148433114976,7.7462487802111415
cat116,GC,3803,2676.022987115435,1942.01,2413.22,False,7.892460630377559,7.571993596044587
cat116,LM,3277,2886.1043240768995,2159.16,2382.8500000000004,False,7.968009314817777,7.677937572008936
cat116,LB,3194,2917.5231997495302,2145.63,2479.915,False,7.978833013815448,7.67165444953907
cat116,LN,3127,3025.9909657818994,2050.64,2299.27,False,8.015324324472138,7.626394752303018
cat116,KW,3085,2865.2852350081034,1990.47,2270.31,False,7.960772127165235,7.596628338486141
cat116,HJ,2741,2637.2112623130247,2027.46,2125.37,False,7.877856414344008,7.615032163447889
cat116,GK,2632,2695.767963525836,2050.455,2390.2825000000003,False,7.899809284409152,7.626304576472273
cat116,DF,2519,2804.968626439063,2096.85,2662.585,False,7.9395040797157455,7.6486682897367455
cat116,IG,2269,2713.8331599823714,2096.14,2406.35,False,7.906485779276287,7.648329790714445
cat116,LO,2082,3162.963227665706,2254.2200000000003,2754.15,False,8.059580706716881,7.721002808153626
cat116,HB,2007,3175.7124464374688,2201.66,2853.885,False,8.06360211913678,7.697420999893741
cat116,MD,1960,3162.8169285714284,2015.095,2743.63,False,8.059534466458626,7.608917751096878
cat116,CB,1909,2653.2561655316917,2004.91,2357.71,False,7.883919730781327,7.60385310211161
cat116,LF,1873,3239.8214148424986,2286.0,2476.87,False,8.083582099754361,7.734996194022781
cat116,GI,1835,3211.6864632152588,2161.83,2746.205,False,8.074862770543248,7.679172828319731
cat116,BY,1620,2942.4094444444445,2163.015,2776.4475,False,7.98732386341021,7.679720571550481
cat116,KC,1513,2785.664448116325,2019.82,2462.16,False,7.932600621279815,7.611258648617718
cat116,GE,1399,2798.884388849178,2052.53,2382.0350000000003,False,7.9373334056141305,7.627315542493698
cat116,LY,1327,3229.3726752072344,2229.26,2528.915,False,8.080352788882145,7.709873449586105
cat116,CI,1314,2473.2061415525113,2099.365,2323.74,False,7.8136748726633485,7.6498664181321985
cat116,HN,1302,4679.315829493087,2977.29,4176.537499999999,False,8.451120871569106,7.999104589295231
cat116,IH,1168,2424.768852739726,1816.92,2035.5549999999998,False,7.79390380579718,7.505448269368762
cat116,JR,1013,3396.3271767028627,2544.53,2632.7799999999997,False,8.130744276947196,7.8420941587767725
cat116,HA,975,1995.420482051282,1711.09,1431.3000000000002,False,7.5991110970355535,7.445470125413387
cat116,CS,934,2969.327633832976,2272.375,2883.2275,False,7.996427540134435,7.729020790447182
cat116,HC,810,3017.9719506172837,2257.5,2449.755,False,8.012671638712131,7.722456155094659
cat116,FR,789,2546.3496577946767,2071.28,2168.6499999999996,False,7.842808747769396,7.636404729384579
cat116,HM,764,2641.5242670157068,1963.03,2498.6725000000006,False,7.879489901057271,7.582753763746834
cat116,EC,708,3634.3266242937852,2630.545,3217.085,False,8.198454241307424,7.875326405160637
cat116,IC,708,2541.6633192090394,1929.775,2165.2925000000005,False,7.840967361536797,7.565676755701683
cat116,MJ,701,3803.600370898716,2368.33,2950.8700000000003,False,8.24396623742095,7.770362493739939
cat116,CW,699,4431.514878397711,2994.47,4482.639999999999,False,8.39672239460324,8.004856426451296
cat116,DK,684,3145.5208333333335,2084.935,3087.1399999999994,False,8.054052624058475,7.642972474960178
cat116,EK,639,3108.070532081377,2147.01,3093.2049999999995,False,8.042079096221935,7.672297111111401
cat116,LW,635,3124.4456062992126,2106.66,2756.98,False,8.04733214602069,7.65333360632999
cat116,FB,619,3422.09366720517,2604.03,3178.23,False,8.138300002223914,7.865199470435934
cat116,IF,617,2655.9565478119935,2102.61,2366.79,False,7.884936591772868,7.6514101954593565
cat116,KA,613,3776.759070146819,2431.03,2595.4799999999996,False,8.236886274229859,7.796481578536292
cat116,HL,607,2505.687677100494,1868.85,2226.3949999999995,False,7.826717510062654,7.533613492727581
cat116,HH,597,2037.0717755443889,1681.95,1666.7800000000002,False,7.619759431780953,7.428303484896251
cat116,GX,595,4844.316739495798,2644.17,4731.555,False,8.485767896696983,7.88049061443875
cat116,GU,591,4757.071133671743,3134.55,4344.209999999999,False,8.467597641081484,8.050559876275962
cat116,LQ,589,3479.0777249575553,2227.22,2886.8999999999996,False,8.154809907277022,7.708958339439883
cat116,DS,553,3023.1155153707055,2127.31,2691.7299999999996,False,8.01437393609719,7.663083516543446
cat116,GN,536,2631.0735074626864,2090.695,2243.1800000000003,False,7.875527220422501,7.645730021056864
cat116,KR,519,3833.559210019268,2476.86,3684.8350000000005,False,8.251809768478125,7.815150563417921
cat116,FC,502,3711.3027689243027,2569.6400000000003,3528.105,False,8.219407655484032,7.851910174124484
cat116,GA,495,3437.5100404040404,2543.17,2877.005,False,8.142793528750985,7.841559746126767
cat116,FH,479,3309.2537995824637,2425.24,3232.6849999999995,False,8.104780142042623,7.794098012887916
cat116,DH,454,3346.118832599119,2189.84,2836.1225,False,8.115855204793531,7.692040310913419
cat116,DI,448,2295.5120982142857,1941.545,2194.17,False,7.7391467718618285,7.57175424799664
cat116,EL,445,3212.115775280899,1939.05,2579.59,False,8.074996391856306,7.570469024921127
cat116,CU,438,2905.445205479452,2439.2799999999997,2963.0575,False,7.974686034556833,7.79986806580186
cat116,EO,438,3111.0346347031964,1984.5349999999999,2806.735,False,8.043032014639692,7.593643678217499
cat116,GT,403,2496.456401985112,1850.35,2088.7999999999997,False,7.823028053707722,7.523670381678818
cat116,JW,390,3832.2865128205126,2873.075,3187.584999999999,False,8.251477811561816,7.963486162331877
cat116,LJ,389,4440.8870437017995,2894.65,4486.57,False,8.398834574977917,7.9709648898482985
cat116,KB,363,3218.598980716253,2514.69,2764.41,False,8.077012090632454,7.830302398782436
cat116,EA,357,2801.249495798319,2258.59,2453.6900000000005,False,7.938177764973744,7.722938659879268
cat116,MG,357,4158.153445378151,3074.04,4342.42,False,8.333066833839462,8.031073188286095
cat116,CP,343,1712.0656559766765,1492.03,1318.9600000000003,False,7.4460398256553955,7.308562891108244
cat116,MC,343,2235.9202332361515,1894.6,1715.87,False,7.712855302935798,7.547290690093433
cat116,FT,340,2176.0089411764707,1841.16,1903.545,False,7.6857071683351945,7.518694075149364
cat116,LX,340,3277.760294117647,2386.165,2546.1425000000004,False,8.095220670823169,7.777861748373811
cat116,IT,336,3383.6069047619044,2199.955,2732.0225,False,8.126993050024467,7.696646636065297
cat116,BX,312,3063.1441346153847,1956.2199999999998,2973.455,False,8.027523571077632,7.579280378042505
cat116,CD,300,3117.1381666666666,2468.4049999999997,2842.0175,False,8.04499136122949,7.8117325099149415
cat116,LV,298,6542.849530201342,3838.395,6575.6849999999995,False,8.786280884467088,8.253070081085806
cat116,LC,295,2877.7301694915254,2003.11,2419.805,False,7.965104562528111,7.602955350917903
cat116,BD,290,1916.352655172414,1539.33,1555.1974999999998,False,7.558700688136314,7.339751958166056
cat116,BV,290,3000.175724137931,1939.33,2810.405,False,8.006759398920325,7.570613340684266
cat116,ME,290,2311.3504137931036,1916.1,2023.8899999999999,False,7.746019781367049,7.558568906526004
cat116,FD,284,3379.340176056338,2740.62,2854.6875,False,8.125731627216467,7.916304265544004
cat116,KL,280,5060.2635,3228.9,4022.4124999999995,False,8.529371434668079,8.080206455985117
cat116,BP,279,3422.5662365591397,2281.6,3027.6849999999995,False,8.138438045988718,7.7330704231195
cat116,KP,251,4785.839960159363,2312.77,3382.9799999999996,False,8.473625756654691,7.746633507826577
cat116,EI,250,4139.371,2778.1099999999997,3871.2975,False,8.328540676330878,7.929886011542797
cat116,LI,246,4254.353170731707,2260.51,3309.5325000000007,False,8.355933038910106,7.72378801075203
cat116,CO,245,3381.434775510204,2490.24,3292.76,False,8.126351076935213,7.820535857469776
cat116,LL,244,2005.015655737705,1668.255,1437.2600000000002,False,7.603905772946912,7.420132698090688
cat116,GB,241,4188.109460580913,2641.76,2754.3500000000004,False,8.340243451085685,7.8795791045788
cat116,EY,239,2761.427991631799,1960.67,2079.485,False,7.923865279108645,7.581551430260168
cat116,CG,238,4166.680462184874,2692.37,4095.6499999999996,False,8.33511491595135,7.898548476615749
cat116,DD,237,2599.3138818565403,2035.48,2385.3,False,7.86338744051402,7.618978106269313
cat116,KX,224,3055.3609375,2211.99,2612.91,False,8.024980251132913,7.702099821288016
cat116,KQ,213,3205.237511737089,2340.25,2769.04,False,8.072853413936707,7.758440253758298
cat116,EE,210,3092.427714285714,2202.495,2777.8650000000002,False,8.037035047730427,7.697800015162154
cat116,EP,208,3836.746009615385,2388.8500000000004,3271.475,False,8.252640496580868,7.778985881449695
cat116,CN,198,2850.6764141414146,1875.18,2930.4525,False,7.955662315819992,7.536993073790668
cat116,HY,195,2385.6506153846153,1827.33,1879.4300000000003,False,7.777646245866459,7.5111582608855025
cat116,KD,188,2934.6901063829787,1743.025,1559.0525000000002,False,7.984697834566577,7.4639509392285674
cat116,JX,184,4674.847173913044,2730.94,3654.515,False,8.450165638976813,7.912767258516864
cat116,DN,174,2607.6583908045977,1884.665,2131.305,False,7.866591341648173,7.5420358228139515
cat116,FE,171,3912.528713450293,2906.84,3131.6049999999996,False,8.272194730243733,7.9751658165069825
cat116,KI,166,2427.936987951807,1884.82,2388.295,False,7.795208987106116,7.5421180185538725
cat116,GL,151,2859.5750993377487,2061.3,2667.0899999999997,False,7.958777967283812,7.631577143810001
cat116,FX,149,4891.5011409395975,3066.98,4149.13,False,8.495458932471962,8.028774643561075
cat116,ED,145,3905.7020689655174,2939.37,2873.89,False,8.270448836443725,7.986290702754373
cat116,IQ,142,3468.794718309859,2646.295,3921.8449999999993,False,8.15185071220243,7.881293642938397
cat116,K,138,3298.431449275362,2338.035,2377.7625,False,8.101505444512897,7.757493730131908
cat116,LD,137,5924.279927007299,3145.27,5717.95,False,8.686983209951842,8.053972903203258
cat116,HP,136,3854.7555147058824,2155.2799999999997,2635.5775,False,8.257322249857744,7.676139793726363
cat116,ID,136,2783.8891911764704,1961.665,2608.21,False,7.931963363841455,7.582058522555459
cat116,KJ,130,3451.036,2297.865,2656.99,False,8.146719480885904,7.740170801855903
cat116,FG,125,2566.91008,2114.8,1979.2800000000002,False,7.850847648620468,7.657188270552674
cat116,GJ,124,4291.897419354839,3206.765,4793.2975,False,8.36471717307647,8.073329711939083
cat116,KU,123,3496.2667479674797,2240.92,3066.7899999999995,False,8.159737013241344,7.715087920569068
cat116,HW,118,2476.6386440677966,1698.915,1796.0475,False,7.815061225916995,7.438333528794265
cat116,CT,113,3283.8374336283186,2912.43,3513.71,False,8.097072442214202,7.977086360209033
cat116,DW,103,3539.0051456310684,2736.83,2399.65,False,8.171883459694863,7.914920914804642
cat116,BO,101,3080.0196039603957,2475.9,2420.4500000000003,False,8.03301586143277,7.814763057257375
cat116,DU,100,3828.2608,2335.66,4012.3449999999993,False,8.250427060936325,7.756477838289409
cat116,JU,97,4553.417525773196,2563.44,3759.75,True,8.423852925726516,7.849495410182062
cat116,IU,96,4269.758854166666,2960.23,3871.4775,True,8.359546808036203,7.993360001545587
cat116,MI,96,4568.883958333333,2722.9799999999996,3766.8725,True,8.427243091516267,7.909849325098543
cat116,KT,94,6609.439680851064,3786.6099999999997,6739.802500000002,True,8.796405448160176,8.239490492300177
cat116,JL,89,1516.9467415730337,1253.28,1016.5899999999999,True,7.325113872737352,7.134316981754815
cat116,CF,87,3260.2527586206897,2852.45,3067.920000000001,True,8.089866682328907,7.95628406748226
cat116,AC,85,3832.058588235294,2634.34,3566.04,True,8.251418350480355,7.876767484909582
cat116,EN,84,3425.9538095238095,2238.375,3640.89,True,8.139427043383952,7.7139520880592185
cat116,GW,84,6464.232857142858,2932.865,5498.1224999999995,True,8.774194308676865,7.984075945374391
cat116,MA,81,3455.5885185185184,1932.21,2313.21,True,8.148037404349616,7.566937112728086
cat116,ES,80,5097.02125,3562.31,4606.7074999999995,True,8.536607753228669,8.178445167153676
cat116,IY,79,2585.457088607595,2133.19,1699.9299999999998,True,7.858044298781142,7.665842462575011
cat116,E,77,2790.546233766234,2321.15,2363.89,True,7.934350926951156,7.750248759654585
cat116,EH,77,3152.5950649350652,2599.38,3037.7299999999996,True,8.056298371498407,7.863412867176295
cat116,HR,77,3890.0715584415584,1970.9,3750.5299999999997,True,8.266439863574005,7.5867528239376405
cat116,MP,77,2843.800779220779,2479.12,1977.9,True,7.953248319230115,7.816062225085184
cat116,DX,73,2731.511506849315,2131.31,2559.7400000000002,True,7.912976431148621,7.664961178092799
cat116,GM,70,3253.829,2409.58,2314.735,True,8.08789501870047,7.787622661430205
cat116,GR,70,2440.7067142857145,2030.535,2227.6724999999997,True,7.800452546837892,7.616546943928152
cat116,EG,66,2607.5039393939396,2516.825,1909.0825,True,7.866532132675584,7.831150712586224
cat116,EF,62,2689.02,1954.045,2185.6575000000003,True,7.897303907512484,7.578168490057371
cat116,KN,59,4558.088983050848,2989.91,3755.76,True,8.424878098130193,8.003332967906415
cat116,GV,55,3085.761090909091,1693.93,2684.415,True,8.034877629511485,7.435396721026664
cat116,DT,54,2540.790740740741,2007.15,2148.8824999999997,True,7.840624127645183,7.604969179216844
cat116,FA,54,3562.947962962963,2580.175,3261.3424999999997,True,8.178624187744198,7.856000000597145
cat116,CM,51,1405.5362745098041,1238.58,1026.53,True,7.248885418219311,7.122527891546584
cat116,DL,51,3313.4205882352944,1830.23,2833.835,True,8.106038102497246,7.512743151204031
cat116,LT,48,6315.619166666666,4446.49,6661.8725,True,8.75093940202527,8.400095171083274
cat116,IN,46,4343.775869565217,3017.5550000000003,4586.7475,True,8.376729452839722,8.012533519041162
cat116,DA,43,1505.6816279069767,1387.22,943.885,True,7.317664914135619,7.235777629947646
cat116,MU,43,4003.078604651163,2321.15,3613.8400000000006,True,8.295068771773675,7.750248759654585
cat116,IM,41,4210.285609756097,2907.49,2965.7899999999995,True,8.345523250548734,7.975389325146521
cat116,AO,40,2133.4674999999997,1773.9099999999999,1135.185,True,7.665972480033845,7.4815049963986615
cat116,LR,40,6046.14675,3555.17,5427.22,True,8.707341828210925,8.176439402015284
cat116,EB,39,4506.566923076924,2108.65,3248.945,True,8.413512802017046,7.654277335933787
cat116,MQ,39,7309.423333333333,5344.24,6338.039999999999,True,8.897056462603723,8.583961724228454
cat116,HI,37,3094.595135135135,3087.06,2723.91,True,8.037735455853246,8.035298341007719
cat116,AJ,35,1278.8619999999999,1114.65,872.5749999999999,True,7.154507538601478,7.017192473680512
cat116,CH,35,1268.662,1202.25,729.5700000000002,True,7.1465060022983575,7.092781508183219
cat116,HF,35,3712.380857142857,2535.98,2681.1349999999998,True,8.219698022884643,7.838729676241444
cat116,FF,34,2546.054411764706,1969.77,3103.185,True,7.842692837831248,7.586179608309175
cat116,CQ,33,3622.1281818181815,2543.93,3780.1800000000003,True,8.195093070290799,7.841858423694765
cat116,DM,33,2351.268181818182,1684.81,2312.62,True,7.763135325400283,7.4300014394475555
cat116,MO,33,2107.3439393939398,1779.95,1614.74,True,7.653658055457538,7.484902208779911
cat116,AF,32,3546.8984375,2844.31,2778.42,True,8.17411071773791,7.953427303717531
cat116,KE,32,1861.1815625,1706.125,1445.93,True,7.529503962481776,7.442565947998588
cat116,LH,29,1511.693448275862,1461.77,1486.1000000000001,True,7.321647081413049,7.288087177451304
cat116,GO,28,2106.7039285714286,1862.08,1540.2424999999998,True,7.653354448455213,7.529986311171846
cat116,MK,28,6960.207857142857,4186.135,6785.35,True,8.848108280964613,8.3397720081552
cat116,DG,27,3536.9851851851854,3024.47,3036.644999999999,True,8.171312687369298,8.014821730296804
cat116,JM,26,1689.3446153846153,1575.655,739.8575000000001,True,7.432687701558164,7.363060793213325
cat116,IP,25,1175.116,1116.72,601.6500000000001,True,7.069972763049804,7.019046175120709
cat116,GF,24,1917.5,1442.585,2009.9024999999997,True,7.559298909687007,7.2748848820247085
cat116,MW,24,4320.787499999999,2514.6949999999997,4254.537499999999,True,8.371424368805801,7.8303043863067465
cat116,JC,22,1895.5436363636363,1819.955,1290.6575000000003,True,7.547788369756232,7.507116367725399
cat116,CA,21,3320.04,3202.15,2732.41,True,8.108033265869102,8.071889979608464
cat116,GP,21,3514.6880952380952,2222.9,2211.5,True,8.164990544755785,7.707017690330784
cat116,AW,20,1237.2285,1159.9650000000001,686.8650000000001,True,7.121437008103391,7.057006834817984
cat116,CV,20,4013.532,2974.42,3023.9024999999997,True,8.297676056697714,7.998140484485858
cat116,BS,19,2870.568947368421,2310.53,2581.1800000000003,True,7.962613830940148,7.745664921929393
cat116,H,19,8076.8431578947375,4951.04,7262.514999999999,True,8.996880179977294,8.507554891876236
cat116,MR,19,9178.802631578947,3350.37,6465.084999999999,True,9.12476098355541,8.117124496443596
cat116,GH,18,3686.201666666667,2228.005,5195.3675,True,8.21262309342037,7.70931057654172
cat116,HD,18,4706.258333333334,3270.82,2226.7349999999997,True,8.456860922693805,8.093101683984472
cat116,KM,18,2362.972777777778,1780.275,1740.3425000000002,True,7.768098863137258,7.485084679006189
cat116,LK,18,6068.598888888889,2854.88,6448.0425,True,8.711047800962179,7.957135305770022
cat116,CX,17,2828.1311764705883,1321.47,2051.52,True,7.947724938720957,7.187256479165143
cat116,FU,17,1384.784117647059,820.88,988.07,True,7.234021408344707,6.711594398997814
cat116,JE,17,2045.9547058823532,1523.43,1735.7199999999998,True,7.624108458343866,7.329375848680108
cat116,KY,17,6901.440588235295,6622.38,4468.64,True,8.839630336485165,8.798361092650616
cat116,LA,17,3309.820588235294,3170.43,3617.7,True,8.104951349499606,8.061937869255406
cat116,CE,16,3985.6475,3607.55,4714.112500000001,True,8.29070593113265,8.191061308589257
cat116,JF,16,1325.078125,1105.0549999999998,925.7000000000003,True,7.189981086808111,7.008554909598107
cat116,KK,16,2760.784375,2013.81,1626.0275,True,7.923632262493064,7.608280177130967
cat116,FW,15,4956.938,3391.47,4652.025,True,8.508745207474592,8.129313548633816
cat116,B,14,3497.367142857143,2801.815,2970.5775,True,8.160051608005995,7.938379548273124
cat116,BW,14,4061.414285714286,3925.23,1974.3849999999998,True,8.30953272751431,8.275434956920748
cat116,U,14,20924.859285714287,9649.11,12920.4125,True,9.948740959542693,9.174724593231794
cat116,ML,13,3833.0053846153846,2266.15,1762.5099999999998,True,8.251665328042627,7.726278815058792
cat116,II,12,2280.8483333333334,1269.91,1406.13,True,7.732741066045624,7.147488458296757
cat116,AX,11,2745.6627272727274,2995.89,2212.3,True,7.9181418999890125,8.00533036327304
cat116,EJ,11,3673.2099999999996,1847.95,1840.5549999999998,True,8.209093422552042,7.522373189377361
cat116,MM,11,4595.347272727273,2466.52,1925.9750000000004,True,8.433017195889448,7.810968876644596
cat116,BA,10,1432.438,1542.345,634.8400000000001,True,7.26783103360329,7.341707417778847
cat116,BK,10,1003.818,984.42,496.9675,True,6.912561709566219,6.89306794623026
cat116,GG,10,1025.8049999999998,836.2950000000001,624.2875,True,6.934207318482597,6.7301764576172545
cat116,GY,10,2402.06,2190.7799999999997,845.3474999999999,True,7.784498204213768,7.692469278067502
cat116,IL,10,2513.6169999999997,2088.94,1862.3125,True,7.8298757846548,7.644890636412799
cat116,JQ,10,1932.834,1653.125,1969.8500000000001,True,7.5672598398578605,7.411027447093214
cat116,MN,10,4777.05,2784.9750000000004,2236.8675000000003,True,8.471787792460553,7.932353180860868
cat116,Y,10,4593.423,3099.0150000000003,2756.9474999999993,True,8.432598455631933,8.03916222917121
cat116,HT,9,5656.985555555556,3521.03,4290.120000000001,True,8.640823198934173,8.166792806907438
cat116,L,9,4678.647777777778,3427.46,4253.96,True,8.450978124920836,8.139866459746633
cat116,BU,8,1971.195,816.12,1820.11,True,7.586902414655182,6.705785962899334
cat116,DR,8,3070.845,1867.1,3182.0249999999996,True,8.030033637265463,7.532677150546516
cat116,BQ,7,4155.984285714286,3983.49,1971.3850000000002,True,8.33254515904686,8.290164603109469
cat116,DE,7,2322.8514285714286,2258.37,864.53,True,7.750981186742112,7.722841292343298
cat116,DO,7,1469.652857142857,1285.48,501.49,True,7.293461701685805,7.159665085545769
cat116,FV,7,2439.0085714285715,2173.1,1909.4300000000003,True,7.799756831161639,7.684370064783345
cat116,AG,6,2674.1716666666666,2321.55,1549.1050000000002,True,7.891768831725844,7.7504209989815545
cat116,AK,6,2021.0933333333332,2227.43,1370.58,True,7.611888557433689,7.709052580630085
cat116,AL,6,1026.8216666666667,808.38,957.4799999999999,True,6.93519695496122,6.696268522474999
cat116,EW,6,3527.84,3194.6800000000003,2561.2725000000005,True,8.168724484024604,8.069555176716861
cat116,F,6,5347.886666666666,3706.4,2220.0425000000005,True,8.584643718545834,8.21808610129499
cat116,JG,6,1682.3216666666667,1334.205,1154.5825,True,7.42852430288421,7.1968401170979535
cat116,JJ,6,1423.0416666666667,1232.3,517.56,True,7.261254351843473,7.117448782571943
cat116,JY,6,1331.5983333333334,1330.525,901.0075,True,7.194885949439777,7.194080180894471
cat116,LE,6,2264.6283333333336,1568.04,1222.06,True,7.725607409306325,7.358219246353255
cat116,LG,6,7174.66,5541.88,4740.4375,True,8.87845002246008,8.620269500258889
cat116,CL,5,4231.782,4933.15,5328.07,True,8.350614739076628,8.503935697924314
cat116,GD,5,988.3860000000001,973.36,115.58999999999992,True,6.897084548703603,6.881780845209901
cat116,JB,5,1034.896,622.66,1110.49,True,6.94302203168002,6.435605348077976
cat116,AA,4,10448.735,10712.380000000001,4933.914999999999,True,9.254331898219741,9.279248706556658
cat116,JH,4,1220.5825,1158.52,690.9675000000001,True,7.107902428327025,7.055761405360971
cat116,JP,4,17624.1,10269.705,20778.385000000002,True,9.777079301423239,9.237050947109868
cat116,KG,4,1107.155,996.865,814.665,True,7.010451749220049,6.905617996620497
cat116,R,4,24498.692499999997,26222.315,28540.937499999996,True,10.106415845433645,10.174404179532015
cat116,AV,3,955.6933333333333,889.67,171.31500000000005,True,6.863482894261528,6.791973988496394
cat116,BT,3,2225.616666666667,1635.24,1292.9750000000004,True,7.7082385225206425,7.400156205669911
cat116,CY,3,3076.3799999999997,2083.64,1514.5500000000002,True,8.031833864609503,7.642351457454621
cat116,DV,3,6115.8966666666665,1357.36,8025.725,True,8.718810166287499,7.214033368715991
cat116,EU,3,2696.9066666666663,3240.22,1477.6599999999999,True,7.900231442643262,8.083705081121648
cat116,FL,3,1706.33,1943.92,529.595,True,7.442686025727096,7.572976124101241
cat116,GQ,3,4136.1033333333335,1333.65,4376.299999999999,True,8.327751143991707,7.196424364176544
cat116,HE,3,6682.483333333333,1975.81,7450.029999999998,True,8.80739458770502,7.589239713342301
cat116,I,3,4172.056666666666,3393.62,3562.3250000000007,True,8.336404059858728,8.129947104420438
cat116,IA,3,8512.18,4588.76,6838.500000000001,True,9.049370829793027,8.431583014105849
cat116,IJ,3,5555.463333333333,2205.77,5481.83,True,8.622717093725738,7.699285186961119
cat116,JV,3,2104.036666666667,1011.36,1815.6250000000002,True,7.652088164808798,6.920039517815356
cat116,KF,3,2423.346666666667,2505.85,344.7049999999999,True,7.793317351265065,7.826782263899173
cat116,KV,3,3514.8933333333334,2785.35,2732.045,True,8.165048920840135,7.932487774589901
cat116,LU,3,1314.1499999999999,1411.08,615.085,True,7.1817060065476195,7.252819073672024
cat116,M,3,4747.946666666667,3333.34,3321.5499999999997,True,8.465678118051583,8.112030037715252
cat116,O,3,4221.150000000001,3709.07,2496.76,True,8.34809975596285,8.218806023348012
cat116,AB,2,1159.305,1159.305,362.3950000000001,True,7.056438180574586,7.056438180574586
cat116,AU,2,1417.245,1417.245,791.935,True,7.25717547072893,7.25717547072893
cat116,AY,2,1393.195,1393.195,1020.1749999999998,True,7.240072466759825,7.240072466759825
cat116,BM,2,1065.275,1065.275,348.04499999999985,True,6.971926545189872,6.971926545189872
cat116,CC,2,1559.815,1559.815,889.845,True,7.352963399718898,7.352963399718898
cat116,CJ,2,1657.01,1657.01,224.96000000000004,True,7.41337336704014,7.41337336704014
cat116,D,2,2603.325,2603.325,41.60499999999956,True,7.8649288035283025,7.8649288035283025
cat116,FJ,2,825.205,825.205,280.97500000000014,True,6.716842926747789,6.716842926747789
cat116,FK,2,512.085,512.085,72.57499999999993,True,6.240441523453162,6.240441523453162
cat116,MV,2,4164.385,4164.385,517.5350000000003,True,8.3345639873037,8.3345639873037
cat116,P,2,37820.24,37820.24,22006.55,True,10.540626128560216,10.540626128560216
cat116,Q,2,11476.095,11476.095,5138.475,True,9.348108589070824,9.348108589070824
cat116,S,2,4585.995,4585.995,3104.365,True,8.430980404559516,8.430980404559516
cat116,T,2,3799.9849999999997,3799.9849999999997,1348.4549999999995,True,8.243015522651548,8.243015522651548
cat116,W,2,46347.59,46347.59,7842.799999999996,True,10.743946149819308,10.743946149819308
cat116,X,2,19845.899999999998,19845.899999999998,17321.159999999996,True,9.895803102634696,9.895803102634696
cat116,AD,1,1624.82,1624.82,0.0,True,7.393767582872925,7.393767582872925
cat116,AE,1,509.85,509.85,0.0,True,6.236076005037432,6.236076005037432
cat116,AH,1,683.04,683.04,0.0,True,6.528016395444853,6.528016395444853
cat116,AM,1,820.48,820.48,0.0,True,6.711107591471892,6.711107591471892
cat116,AN,1,1159.4,1159.4,0.0,True,7.056520052247249,7.056520052247249
cat116,AP,1,1753.45,1753.45,0.0,True,7.46991069646957,7.46991069646957
cat116,AR,1,4361.04,4361.04,0.0,True,8.380695116824985,8.380695116824985
cat116,AS,1,1663.91,1663.91,0.0,True,7.417526346899517,7.417526346899517
cat116,AT,1,2287.78,2287.78,0.0,True,7.735774203494297,7.735774203494297
cat116,BB,1,930.29,930.29,0.0,True,6.836570721791449,6.836570721791449
cat116,BC,1,278.49,278.49,0.0,True,5.632966513779786,5.632966513779786
cat116,BF,1,3259.13,3259.13,0.0,True,8.089522350866288,8.089522350866288
cat116,BG,1,969.6,969.6,0.0,True,6.877914436971116,6.877914436971116
cat116,BI,1,559.61,559.61,0.0,True,6.329025476602274,6.329025476602274
cat116,BL,1,1988.71,1988.71,0.0,True,7.595744178455871,7.595744178455871
cat116,C,1,2397.07,2397.07,0.0,True,7.782419526153904,7.782419526153904
cat116,DQ,1,1924.8,1924.8,0.0,True,7.563096744806184,7.563096744806184
cat116,DY,1,1291.81,1291.81,0.0,True,7.16457342288543,7.16457342288543
cat116,EQ,1,3374.5,3374.5,0.0,True,8.124298740481926,8.124298740481926
cat116,EV,1,4541.61,4541.61,0.0,True,8.42125701571736,8.42125701571736
cat116,FI,1,2029.8,2029.8,0.0,True,7.61618508307324,7.61618508307324
cat116,FM,1,1500.32,1500.32,0.0,True,7.314100000117309,7.314100000117309
cat116,FN,1,2533.23,2533.23,0.0,True,7.837645122350141,7.837645122350141
cat116,FO,1,1698.74,1698.74,0.0,True,7.438230577171143,7.438230577171143
cat116,FP,1,6350.52,6350.52,0.0,True,8.75644943332103,8.75644943332103
cat116,FQ,1,1631.0,1631.0,0.0,True,7.397561535524052,7.397561535524052
cat116,FS,1,2236.05,2236.05,0.0,True,7.712913312603775,7.712913312603775
cat116,G,1,2938.58,2938.58,0.0,True,7.986021992984816,7.986021992984816
cat116,HO,1,19096.78,19096.78,0.0,True,9.857327376912956,9.857327376912956
cat116,HU,1,22354.19,22354.19,0.0,True,10.01481378784914,10.01481378784914
cat116,IB,1,6240.19,6240.19,0.0,True,8.738926148309767,8.738926148309767
cat116,IK,1,3475.28,3475.28,0.0,True,8.153718035500148,8.153718035500148
cat116,IO,1,4612.83,4612.83,0.0,True,8.436813593668278,8.436813593668278
cat116,IR,1,4868.25,4868.25,0.0,True,8.490695200110009,8.490695200110009
cat116,IV,1,5264.88,5264.88,0.0,True,8.569003552101966,8.569003552101966
cat116,IX,1,7020.68,7020.68,0.0,True,8.856757784627609,8.856757784627609
cat116,J,1,51383.04,51383.04,0.0,True,10.847082897389763,10.847082897389763
cat116,JA,1,1576.5,1576.5,0.0,True,7.363596594415368,7.363596594415368
cat116,JD,1,1973.9,1973.9,0.0,True,7.588273043141941,7.588273043141941
cat116,JI,1,1126.16,1126.16,0.0,True,7.027456473794424,7.027456473794424
cat116,JK,1,2150.0,2150.0,0.0,True,7.67368812926773,7.67368812926773
cat116,JN,1,726.47,726.47,0.0,True,6.589572761081972,6.589572761081972
cat116,JO,1,17297.19,17297.19,0.0,True,9.758357150734913,9.758357150734913
cat116,JT,1,1523.32,1523.32,0.0,True,7.329303687958469,7.329303687958469
cat116,KH,1,14163.63,14163.63,0.0,True,9.55850329120338,9.55850329120338
cat116,KS,1,3248.91,3248.91,0.0,True,8.086382582632652,8.086382582632652
cat116,MB,1,9290.32,9290.32,0.0,True,9.136835909981256,9.136835909981256
cat116,MF,1,1435.47,1435.47,0.0,True,7.269943994107987,7.269943994107987
cat116,MH,1,2255.02,2255.02,0.0,True,7.7213574778268805,7.7213574778268805
cat116,MS,1,67537.73,67537.73,0.0,True,11.12045649009087,11.12045649009087
cat116,MT,1,729.77,729.77,0.0,True,6.59409877275812,6.59409877275812
cat116,V,1,542.81,542.81,0.0,True,6.298599921142937,6.298599921142937
cat12,A,159825,2655.897436320976,1869.45,2169.56,False,7.8849143437053835,7.53393432261029
cat12,B,28493,5176.939968764258,4322.13,3905.4,False,8.552162566726366,8.371734955924948
cat13,A,168851,2818.460441987314,1974.92,2398.9449999999997,False,7.944300812997125,7.58878939165828
cat13,B,19467,4935.8141572918275,3943.1,4083.6499999999996,False,8.504475494708917,8.279976070370669
cat14,A,186041,3004.308571175171,2099.37,2626.04,False,8.00813552761267,7.649868798667986
cat14,B,2277,5735.962845849803,4478.24,5297.95,False,8.654685228347644,8.40720866816091
cat15,A,188284,3037.267431645812,2115.39,2659.4674999999997,False,8.019042708131245,7.657467086014089
cat15,B,34,3426.3879411764706,2647.9,2521.2850000000003,True,8.13955371686159,7.881899738465142
cat16,A,181843,2932.6280914855124,2051.7,2517.275,False,7.983995192483532,7.626911278723133
cat16,B,6475,5977.9873745173745,5199.6,4107.155,False,8.696006497240838,8.556529282528611
cat17,A,187009,3018.2363248292863,2106.76,2637.6899999999996,False,8.01275920581817,7.653381051187213
cat17,B,1309,5766.234851031321,4632.37,4860.5599999999995,False,8.659948016044666,8.441039744088425
cat18,A,187331,3028.4992323747806,2110.12,2647.645,False,8.016152615001543,7.65497389132981
cat18,B,987,4714.86179331307,3845.48,4397.83,False,8.458686955314576,8.254913723353429
cat19,A,186510,3027.3069409683126,2108.88,2648.1450000000004,False,8.015758976978884,7.654386352814922
cat19,B,1808,4072.091111725664,3069.015,3588.5949999999993,False,8.312157477082886,8.029437726562792
cat2,A,106721,2454.1398437983153,1739.25,1957.5500000000002,False,7.805939001456937,7.4617840600487755
cat2,B,81597,3800.104170741571,2833.99,3424.7,False,8.24304687475461,7.949793688818771
cat20,A,188114,3034.3419256408347,2113.755,2654.805,False,8.018079357985021,7.656694245526996
cat20,B,204,5799.81024509804,4853.44,4922.4349999999995,False,8.66575288420843,8.48764902906753
cat21,A,187905,3036.461993826668,2114.94,2658.17,False,8.018777575250086,7.657254437188644
cat21,B,413,3435.7562711864407,2314.4,3280.9299999999994,False,8.142283361093137,7.747337737771628
cat22,A,188275,3037.0614561678394,2115.39,2659.3149999999996,False,8.018974912104449,7.657467086014089
cat22,B,43,4246.80534883721,2462.33,4179.200000000001,True,8.354157740035108,7.809269372093249
cat23,A,157445,2831.2413276382226,1973.44,2423.31,False,7.948823665744575,7.588040092825138
cat23,B,30873,4088.380379619732,3068.2,3602.04,False,8.316148741134612,8.02917222030351
cat24,A,181977,2987.4257185798206,2081.87,2601.91,False,8.002502012201617,7.64150202932779
cat24,B,6341,4469.734789465384,3474.19,3788.26,False,8.405308056529037,8.153404432763192
cat25,A,169969,2951.763318310986,2044.75,2586.3199999999997,False,7.990496728958792,7.623519749407491
cat25,B,18349,3830.0233713008884,2811.01,3152.0999999999995,False,8.250887245256536,7.941654809111999
cat26,A,177119,3001.3993590185128,2081.04,2630.37,False,8.007167034331085,7.64110346128623
cat26,B,11199,3605.7241914456645,2696.47,2902.59,False,8.190555213174209,7.9000695756617345
cat27,A,168250,3028.052370460624,2112.57,2656.96,False,8.016005100564344,7.656133739874747
cat27,B,20068,3115.1857165636834,2139.0299999999997,2672.5824999999995,False,8.044365006165691,7.668575126609225
cat28,A,180938,2965.1951838751397,2066.915,2574.5875,False,7.995035327638261,7.634296132269082
cat28,B,7380,4806.080231707317,3809.135,4025.21,False,8.477845158353242,8.245419900563876
cat29,A,184593,3003.5051451571835,2096.08,2618.3,False,8.007868156256185,7.648301179911957
cat29,B,3725,4713.914907382551,3679.46,4308.62,False,8.458486147689976,8.210793023351128
cat3,A,177993,2902.2197510576257,2033.38,2479.7200000000003,False,7.9735756590782625,7.61794638315121
cat3,B,10325,5366.640013559322,4570.91,4307.87,False,8.588143614845288,8.427686339681578
cat30,A,184760,3017.7328358952154,2104.47,2637.2625,False,8.012592431552905,7.652293999103418
cat30,B,3558,4055.3792945474984,2989.26,3707.5925,False,8.308046055333605,8.003115619125973
cat31,A,182980,3031.111213356651,2109.59,2655.4200000000005,False,8.017014425956543,7.654722808236568
cat31,B,5338,3250.7734113900333,2349.465,2666.7075000000004,False,8.086955791545837,7.762368459904481
cat32,A,187107,3031.9235996515363,2111.04,2653.835,False,8.017282317675152,7.6554095840407435
cat32,B,1211,3873.8475061932286,2886.85,3189.1900000000005,False,8.262261587772631,7.968267559605666
cat33,A,187361,3028.486762933588,2110.54,2650.25,False,8.016148498985693,7.655172818073324
cat33,B,957,4770.167084639499,3517.38,3960.75,False,8.470346225787296,8.16575593538234
cat34,A,187734,3032.2243383191108,2112.36,2653.92,False,8.017381470768976,7.656034376980082
cat34,B,584,4681.0862328767125,3547.045,4194.2225,False,8.451499065838682,8.174152026550843
cat35,A,188105,3035.27734270753,2114.28,2657.08,False,8.01838748569618,7.656942470424755
cat35,B,213,4856.872018779342,3580.18,3896.38,False,8.488355764789272,8.183447634024201
cat36,A,156313,2831.646554797106,1972.3,2431.0699999999997,False,7.948966732003956,7.58746254717538
cat36,B,32005,4041.936896422434,3008.05,3518.92,False,8.304726661411724,8.009379693308205
cat37,A,165729,3025.5396695810628,2100.03,2668.13,False,8.015175222657392,7.650182979657861
cat37,B,22589,3123.896338483333,2233.02,2570.6800000000003,False,8.047156389934976,7.71155793214055
cat38,A,169323,2944.27730013052,2031.72,2585.15,False,7.987958251289796,7.617130076646733
cat38,B,18995,3866.885654119505,2886.87,3019.7650000000003,False,8.260463294119546,7.968274485149148
cat39,A,183393,3029.637268434455,2107.55,2652.4800000000005,False,8.016528196004677,7.653755786445885
cat39,B,4925,3324.0793340101523,2459.61,2821.1100000000006,False,8.10924881265799,7.808164565667229
cat4,A,128395,2826.826831185015,1974.74,2457.87,False,7.947263791472941,7.588698290703175
cat4,B,59923,3488.3922250221117,2457.71,3060.574999999999,False,8.157482852472892,7.807392101141857
cat40,A,180119,2959.775965722661,2065.38,2567.72,False,7.993206663544626,7.6335535630665765
cat40,B,8199,4741.245410415904,3721.56,4054.1949999999997,False,8.46426601779908,8.222166882628402
cat41,A,181177,2987.398415472163,2080.46,2603.63,False,8.002492875875353,7.640824849539501
cat41,B,7141,4304.36571488587,3280.98,3704.9100000000008,False,8.367617364446684,8.096202177786253
cat42,A,186623,3031.9743241722613,2110.03,2656.7749999999996,False,8.01729904216388,7.654931259021619
cat42,B,1695,3627.8548613569324,2719.88,2680.6099999999997,False,8.196672412298359,7.908710636377453
cat43,A,184110,3016.3629148878385,2100.815,2637.3475,False,8.012138521910826,7.650556536145967
cat43,B,4208,3955.0337523764256,2876.495,3459.1925,False,8.282997224651712,7.964675402975066
cat44,A,172716,2995.4635541003727,2062.545,2647.9725,False,8.005188057001103,7.632180656563286
cat44,B,15602,3500.889314190488,2648.13,2594.4824999999996,False,8.16105790589013,7.881986563190613
cat45,A,183991,3003.736869520792,2093.86,2618.9300000000003,False,8.007945278915967,7.64724200434764
cat45,B,4327,4466.098435405593,3424.09,4042.4749999999995,False,8.40449435724221,8.138883027723345
cat46,A,187436,3028.1084648626734,2110.245,2649.2300000000005,False,8.016023619188585,7.655033099853959
cat46,B,882,4998.662210884354,3824.9449999999997,4182.2475,False,8.517125631310975,8.24956077457016
cat47,A,187617,3031.022527329613,2111.88,2652.2799999999997,False,8.016985176592712,7.655807224711368
cat47,B,701,4727.5389158345215,3473.37,4095.7400000000002,False,8.461371536480815,8.153168446598945
cat48,A,188049,3035.5637408866837,2113.99,2657.29,False,8.018481806682166,7.6568053633368125
cat48,B,269,4277.443791821561,3222.68,3400.9,False,8.36134462241563,8.07827884311723
cat49,A,179127,3020.376721208975,2108.41,2643.535,False,8.01346787444268,7.654163566515831
cat49,B,9191,3367.896567294092,2285.54,2992.26,False,8.122340541627478,7.734795036931534
cat5,A,123737,2814.648334855379,1947.07,2467.85,False,7.942947828391352,7.574594417848441
cat5,B,64581,3464.009805980087,2464.84,2969.3199999999997,False,8.150470741628682,7.8102877992186865
cat50,A,137611,3231.7804930565144,2313.21,2770.415,False,8.081097879675443,7.746823655580598
cat50,B,50707,2509.649808902124,1614.31,2134.2749999999996,False,7.828296886628926,7.38728216770102
cat51,A,187071,3029.16784199582,2110.51,2651.955,False,8.016373290367218,7.655158610332474
cat51,B,1247,4262.951820368885,3034.37,3897.8999999999996,False,8.357951666618826,8.018088607100943
cat52,A,179505,3016.8080650678257,2106.89,2636.64,False,8.012286040575093,7.653442726136529
cat52,B,8813,3455.489228412572,2345.38,3173.42,False,8.148008679052552,7.76062899393104
cat53,A,172949,2995.085321337504,2079.27,2629.2799999999997,False,8.005061822648665,7.640252971963382
cat53,B,15369,3512.8080584293057,2547.67,2944.6900000000005,False,8.164455645294282,7.843326933460791
cat54,A,183762,3033.420964998204,2115.385,2658.255,False,8.017775899459114,7.657464723497773
cat54,B,4556,3195.3149517120282,2119.535,2690.965,False,8.069753847622867,7.659423694319576
cat55,A,188173,3036.1642069797476,2114.49,2657.5299999999997,False,8.018679532395327,7.65704174313406
cat55,B,145,4560.213586206896,3580.65,3535.57,False,8.425344004426249,8.183578867070546
cat56,A,188136,3036.2174214929623,2114.4849999999997,2657.5874999999996,False,8.018697053360084,7.657039379612649
cat56,B,182,4195.370769230769,3368.23,3255.0975000000003,False,8.34197532815553,8.122439510592473
cat57,A,185296,2919.869698644331,2081.9300000000003,2555.335,False,7.979636692917687,7.641530835319439
cat57,B,3022,10239.967772998014,9532.34,5424.892499999998,False,9.234151403209633,9.162550407440289
cat58,A,188079,3033.4903597956177,2113.63,2655.235,False,8.01779876840338,7.65663513527809
cat58,B,239,6064.957782426778,4663.13,5489.35,False,8.710447728518863,8.447656600712207
cat59,A,188018,3032.3965407035494,2113.2700000000004,2653.7999999999997,False,8.01743824121431,7.65646487823684
cat59,B,300,6134.085,4807.255,4805.665000000001,False,8.721779211979758,8.478089511414309
cat6,A,131693,3259.916396087871,2341.86,2807.66,False,8.08976353795312,7.759127684268428
cat6,B,56625,2519.6854452980133,1637.5,2120.26,False,7.83228614562199,7.401536468138869
cat60,A,187872,3035.220635805229,2113.91,2656.56,False,8.01836880906508,7.656767537383476
cat60,B,446,3929.1188340807175,3043.385,3549.5725,False,8.276424942085729,8.021054189301871
cat61,A,187596,3031.8755710676132,2111.285,2652.9850000000006,False,8.017266481811625,7.6555255789039585
cat61,B,722,4456.5493905817175,3435.96,3340.425,False,8.40235443000832,8.142342638725667
cat62,A,188273,3036.680964875473,2115.29,2659.2300000000005,False,8.018849662787906,7.657419834627252
cat62,B,45,5784.955333333333,3552.94,4753.549999999999,True,8.663188765722898,8.175812126186043
cat63,A,188239,3036.9642400883986,2115.32,2659.185,False,8.01894291221363,7.657434010277737
cat63,B,79,3927.173417721519,2888.95,3523.7400000000002,True,8.275929817614253,7.96899447991875
cat64,A,188271,3036.347945780285,2115.18,2658.4350000000004,False,8.018740027393434,7.65736785552284
cat64,B,47,7002.0040425531915,5099.53,7419.49,True,8.854094484915553,8.537099734881572
cat65,A,186056,3017.1358310938645,2103.63,2635.7325,False,8.012394645304362,7.651894958695282
cat65,B,2262,4698.998275862069,3651.5550000000003,4116.345000000001,False,8.455317420860226,8.20318220169081
cat66,A,179982,3001.270972375015,2086.33,2616.8075,False,8.007124272068902,7.6436410162830795
cat66,B,8336,3816.051600287908,2855.365,3325.4599999999996,False,8.247233571199285,7.957305116414056
cat67,A,187626,3030.2036088814984,2111.865,2650.1875,False,8.016715050282166,7.6558001253714885
cat67,B,692,4971.641575144509,3850.045,4723.2525000000005,False,8.511706481945646,8.256099819023188
cat68,A,188176,3036.228232346314,2115.32,2658.4049999999997,False,8.01870061281356,7.657434010277737
cat68,B,142,4507.56647887324,2683.205,4004.88,False,8.413734528062092,7.895139873714373
cat69,A,188011,3035.361300296259,2113.6,2657.1000000000004,False,8.018415136802618,7.656620948298426
cat69,B,307,4247.703127035831,3302.07,2873.6100000000006,False,8.354369068771968,8.102607618021205
cat7,A,183744,2908.94434169279,2073.635,2545.1,False,7.975889233416572,7.637540513577486
cat7,B,4574,8195.0785242676,7614.575,7034.1224999999995,False,9.011411090116653,8.937950771342695
cat70,A,188295,3037.347945404817,2115.5,2659.605,False,8.019069207672196,7.657519059960978
cat70,B,23,2953.3439130434786,2351.49,2056.56,True,7.991031879145952,7.763229620653475
cat71,A,178646,2994.279637663312,2097.025,2630.1,False,8.004792874359064,7.648751704995828
cat71,B,9672,3832.6383519437554,2544.31,3229.865,False,8.251569592589986,7.842007729032315
cat72,A,118322,2527.5614649008635,1816.95,2055.0975,False,7.835405829064157,7.505464771608942
cat72,B,69996,3899.068955940339,2873.585,3612.5575,False,8.268749512971773,7.963663594986214
cat73,A,154275,3248.6214265435096,2302.83,2885.16,False,8.08629378439852,7.742328234371333
cat73,B,34017,2077.681825557809,1530.89,1549.2199999999998,False,7.639489234086146,7.334257546156101
cat73,C,26,4914.809615384615,3538.62,3485.3375000000005,True,8.500211742390148,8.171774655733204
cat74,A,184731,3028.714006907341,2109.7,2649.075,False,8.016223506889373,7.6547749250065715
cat74,B,3561,3470.99298792474,2497.67,3035.05,False,8.152484056171271,7.823513869294082
cat74,C,26,4914.809615384615,3538.62,3485.3375000000005,True,8.500211742390148,8.171774655733204
cat75,A,154307,3142.1058881321,2148.91,2789.8050000000003,False,8.052966726377093,7.673181259780418
cat75,B,34010,2561.945274037048,1983.68,2169.21,False,7.848912373829064,7.593212971057702
cat75,C,1,4666.24,4666.24,0.0,True,8.448323169525823,8.448323169525823
cat76,A,181347,2976.8011205589282,2082.3,2596.6,False,7.998940428125674,7.641708453934336
cat76,B,6183,4864.522917677503,3607.17,4355.085,False,8.489929474491934,8.190955997589148
cat76,C,788,2632.056192893401,1491.565,2207.7799999999997,False,7.875900501043511,7.308251395407213
cat77,D,187503,3038.90312165672,2118.25,2660.245,False,8.019580926016397,7.6588175314885145
cat77,C,408,3282.2006862745097,1947.9450000000002,2955.635,False,8.096574044562479,7.575043479509586
cat77,B,358,1912.4551117318438,1206.1950000000002,1231.735,False,7.556665845866711,7.09605476562929
cat77,A,49,3226.7236734693874,1945.61,2967.79,True,8.079532422711253,7.573844677141429
cat78,B,186526,3026.3615664840286,2111.815,2645.705,False,8.015446749025585,7.655776460541212
cat78,A,788,2616.591535532995,1486.8400000000001,2187.8799999999997,False,7.870009912728458,7.305080682729887
cat78,C,645,5050.549131782946,3892.64,4356.860000000001,False,8.527450233997454,8.26709973173543
cat78,D,359,6046.691977715877,4927.44,5694.665,False,8.707431986951942,8.502777786941909
cat79,B,152929,2469.844946478431,1858.84,2040.32,False,7.812315454719277,7.5282457415018085
cat79,D,26657,6311.83205837116,5440.81,4874.900000000001,False,8.750339675506432,8.601867005099004
cat79,A,7064,2718.4069691392974,1932.0900000000001,2370.2925,False,7.908169109467179,7.566875037876141
cat79,C,1668,4086.9942805755395,3264.555,3498.3774999999996,False,8.315809732806128,8.091185011950836
cat8,A,177274,2975.5585590103456,2070.73,2586.0950000000003,False,7.998523066181321,7.636139286008125
cat8,B,11044,4028.9922401303875,3035.31,3538.7574999999997,False,8.301519729412917,8.01839824133974
cat80,D,137505,2200.253190938511,1695.59,1742.8700000000001,False,7.696782109412323,7.43637563321504
cat80,B,46538,5453.62125230994,4568.17,4310.442500000001,False,8.604218464566138,8.427086848137458
cat80,C,3492,3890.750094501718,3143.245,3055.8875,False,8.266614231198535,8.05332907672166
cat80,A,783,2621.2236270753515,1489.67,2189.54,False,7.871777949426413,7.306980962300282
cat81,D,154385,2663.290577258153,1889.23,2228.1499999999996,False,7.887693101259329,7.544453793771374
cat81,B,24132,4816.168605171557,3866.87,4051.7725,False,8.479941608129257,8.260459246908077
cat81,C,9013,4718.471941639854,3565.14,4217.25,False,8.45945219554971,8.17923905732715
cat81,A,788,2616.591535532995,1486.8400000000001,2187.8799999999997,False,7.870009912728458,7.305080682729887
cat82,B,147536,3150.0479540586703,2204.9799999999996,2809.705,False,8.055490360320833,7.698927133589213
cat82,A,19322,3163.145966256081,2200.16,2859.575,False,8.059638461279839,7.69673977311426
cat82,D,18805,1992.5870093060357,1586.18,1455.63,False,7.597690812373085,7.369714135644766
cat82,C,2655,3258.3722297551785,2279.57,2772.63,False,8.089289888257479,7.732180690703694
cat83,B,141534,3068.115140037023,2130.13,2684.0249999999996,False,8.0291445710346,7.664407634461305
cat83,A,26038,3082.327530148245,2136.02,2758.8625,False,8.033764659722507,7.66716761418972
cat83,D,15788,2665.429006207246,1957.6799999999998,2286.525,False,7.888495405349919,7.580026055954428
cat83,C,4958,3106.7593142396126,2191.675,2687.7225000000003,False,8.041657267768006,7.69287753862095
cat84,C,154939,3075.8894897992113,2142.99,2724.245,False,8.031674459759703,7.670423858000711
cat84,A,29450,2759.7057816638367,1931.46,2247.0525000000002,False,7.923241644015066,7.566549081670385
cat84,D,3498,3490.5101686678104,2497.425,3156.4449999999997,False,8.158089634688496,7.823415812322904
cat84,B,431,4470.943828306265,3092.25,3758.1949999999997,False,8.405578454001635,8.036977597094085
cat85,B,186005,3016.017262277896,2107.35,2635.04,False,8.01202396081253,7.653660930034706
cat85,C,1011,5762.211414441148,4607.67,5023.795,False,8.659250135553167,8.435694591111828
cat85,A,788,2616.591535532995,1486.8400000000001,2187.8799999999997,False,7.870009912728458,7.305080682729887
cat85,D,514,6038.127529182879,4932.485000000001,5385.15,False,8.706014831684344,8.503800913854777
cat86,B,103852,3042.2350894542233,2124.605,2744.085,False,8.02067640273091,7.661811746719842
cat86,D,72587,3067.619223827958,2132.39,2600.93,False,8.028982975181556,7.665467542826876
cat86,C,10290,2567.642617103985,1871.0349999999999,2106.9449999999997,False,7.851132873810259,7.534781353443955
cat86,A,1589,4375.607709251101,2685.52,3899.8500000000004,False,8.384029207689052,7.896001954771725
cat87,B,166992,2667.135706381144,1934.57,2224.1050000000005,False,7.88913527020266,7.568157135728995
cat87,D,11719,6134.3427015956995,5270.12,4566.014999999999,False,8.721821215665694,8.569998142674606
cat87,C,8819,5969.474561741694,4967.84,4874.85,False,8.694581694306411,8.510941691446147
cat87,A,788,2616.591535532995,1486.8400000000001,2187.8799999999997,False,7.870009912728458,7.305080682729887
cat88,A,168926,3032.025333341226,2105.615,2682.9249999999997,False,8.017315860222517,7.652837672855587
cat88,D,19302,3084.6465008807377,2207.1,2453.8349999999996,False,8.03451647706849,7.6998876962265035
cat88,E,83,2831.3069879518075,2140.93,1940.0049999999997,True,7.948846848639285,7.669462570735138
cat88,B,7,3228.7985714285714,3383.09,3009.865,True,8.080175052485306,8.126840316117134
cat89,A,183744,2908.94434169279,2073.635,2545.1,False,7.975889233416572,7.637540513577486
cat89,B,4312,8213.293627087198,7666.925,7004.349999999999,False,9.013631041027237,8.944801323210033
cat89,C,220,7803.455545454545,6860.18,6530.562499999998,False,8.962450073367709,8.83363471758943
cat89,D,33,8898.260909090908,7238.85,9344.57,True,9.093723508349523,8.887355766933092
cat89,E,5,3244.568,3032.37,486.19000000000005,True,8.085045652341536,8.01742949167586
cat89,I,2,9814.04,9814.04,7621.320000000001,True,9.19167118209706,9.19167118209706
cat89,G,1,3666.93,3666.93,0.0,True,8.207382749224788,8.207382749224788
cat89,H,1,18646.37,18646.37,0.0,True,9.833460396361124,9.833460396361124
cat9,A,113122,2512.009126076272,1778.855,2018.9899999999998,False,7.829236169083465,7.484287179293872
cat9,B,75196,3827.621973642215,2856.755,3465.9875000000006,False,8.250260219427217,7.9577916305325616
cat90,A,177993,2902.2197510576257,2033.38,2479.7200000000003,False,7.9735756590782625,7.61794638315121
cat90,B,9515,5302.007737256962,4530.23,4250.450000000001,False,8.576029436170002,8.41874870480014
cat90,C,728,6116.2280494505485,5240.12,4995.4400000000005,False,8.718864339804878,8.564290494933866
cat90,D,70,6060.263,5637.195,5406.829999999999,True,8.70967347318938,8.637319257808835
cat90,E,6,5872.208333333333,5456.67,6443.905,True,8.678156327962212,8.604777237732815
cat90,F,4,7565.1900000000005,7660.610000000001,2719.9350000000004,True,8.931444917222365,8.943977423416957
cat90,G,2,9814.04,9814.04,7621.320000000001,True,9.19167118209706,9.19167118209706
cat91,A,111028,2968.8541332816944,2049.185,2665.12,False,7.996268117217477,7.6256853119631565
cat91,B,42630,3103.5065805770582,2230.91,2531.9125000000004,False,8.040610070492525,7.710613000107579
cat91,G,26734,2655.2352102191967,1891.705,2145.3925,False,7.884665064739747,7.545762301770131
cat91,C,6400,4864.9663921875,3957.115,4448.9175,False,8.490020616658601,8.283523180818742
cat91,D,1149,5086.299869451697,3974.15,4754.870000000001,False,8.534502491277191,8.28781776222551
cat91,E,254,5537.82,4484.235,4966.7075,False,8.619536760664484,8.408546169998711
cat91,F,97,5747.867525773196,5145.5,6342.129999999999,True,8.656758162354352,8.546072150966614
cat91,H,26,4914.809615384615,3538.62,3485.3375000000005,True,8.500211742390148,8.171774655733204
cat92,A,124689,3041.3819373802016,2083.84,2752.01,False,8.020396019632253,7.642447392679231
cat92,H,62901,3015.1701303635873,2170.7,2463.6800000000003,False,8.01174313680865,7.683265549967206
cat92,B,628,4045.4543152866245,2818.83,4016.2824999999993,False,8.30559629893915,7.944431878427081
cat92,C,62,5761.742903225806,4586.845,5800.1175,True,8.659168838820127,8.431165693894792
cat92,I,26,4914.809615384615,3538.62,3485.3375000000005,True,8.500211742390148,8.171774655733204
cat92,D,11,6784.23090909091,3920.1,7642.304999999999,True,8.822503603980365,8.274127505665154
cat92,F,1,1084.57,1084.57,0.0,True,6.989860473650979,6.989860473650979
cat93,D,150237,3020.311462888636,2104.92,2635.86,False,8.01344627534031,7.652507705267754
cat93,C,35788,3118.6908611825193,2176.275,2774.005,False,8.045489192940167,7.685829373881482
cat93,B,1133,2869.2075022065314,2094.81,2359.08,False,7.962139606560512,7.647695392477115
cat93,E,728,3640.5074725274726,2534.4750000000004,3318.9375000000005,False,8.200153015702403,7.838136275198296
cat93,A,432,1643.553148148148,1221.7849999999999,1262.8825000000002,False,7.405223983834843,7.1088863230130785
cat94,D,121642,3246.086086960096,2179.835,2942.9725,False,8.085513284520127,7.687463109969754
cat94,B,51710,2609.7320674917814,2011.99,2193.705,False,7.867385946617034,7.6073764579175664
cat94,C,13623,2925.9785429053804,2122.41,2547.0499999999997,False,7.981725955918647,7.660778565996659
cat94,A,738,1717.991734417344,1412.775,1273.1574999999998,False,7.449493197004415,7.254018710739939
cat94,F,494,1801.7843319838055,1402.305,1261.6025,False,7.497087599844517,7.246585447780744
cat94,E,91,1256.722087912088,1110.65,818.325,True,7.137057497045743,7.013600677065478
cat94,G,20,2139.1265,1925.245,1799.5925,True,7.668620218418376,7.56332779091389
cat95,C,87531,3117.471229050279,2161.46,2663.615,False,8.04509817002985,7.679001741525134
cat95,D,79525,2990.93260949387,2088.13,2701.3999999999996,False,8.003674815275826,7.644502990352722
cat95,E,17417,2748.3694126428204,1987.68,2355.7999999999997,False,7.919126859872802,7.5952263810438465
cat95,A,3736,3530.3094218415417,2235.145,3062.275,False,8.169424022177324,7.712508680115207
cat95,B,109,1820.938623853211,1631.0,1464.4999999999998,False,7.507656391112673,7.397561535524052
cat96,E,174360,3029.678285788025,2112.88,2667.3275000000003,False,8.016541730146962,7.656280400391396
cat96,D,7922,2889.674623832366,2021.83,2324.1575000000003,False,7.969245187717065,7.6122528000232785
cat96,B,2957,3768.8838958403785,2591.36,2989.5999999999995,False,8.234799483108507,7.860323936716886
cat96,G,2665,3272.903069418386,2111.28,2981.4300000000003,False,8.093738151328601,7.655523211796339
cat96,F,343,2235.9202332361515,1894.6,1715.87,False,7.712855302935798,7.547290690093433
cat96,A,35,1671.250857142857,1276.72,729.1149999999998,True,7.421925816566995,7.152832518601481
cat96,C,24,4320.787499999999,2514.6949999999997,4254.537499999999,True,8.371424368805801,7.8303043863067465
cat96,I,12,3555.0275,2051.485,1461.9474999999998,True,8.176399330012217,7.626806533139099
cat97,C,78127,3103.712921909199,2129.01,2786.265,False,8.04067653338118,7.663881953528131
cat97,E,47450,2961.1030476290834,2146.7299999999996,2726.8950000000004,False,7.993654784104117,7.672166749404036
cat97,A,41970,3012.5308718132,2063.105,2425.8500000000004,False,8.010867717374756,7.632451997400535
cat97,G,16745,3005.2726234696925,2086.69,2441.95,False,8.00845625930424,7.643813470547199
cat97,D,3779,2968.557793066949,2194.13,2726.29,False,7.996168329488097,7.693996549268038
cat97,F,213,4203.008544600939,2569.94,4156.27,False,8.343793764487863,7.852026869770702
cat97,B,34,3664.933529411765,3059.125,2893.2000000000003,True,8.206838296596363,8.026211043785304
cat98,A,105492,3062.414535035832,2131.565,2758.7825000000003,False,8.027285433958975,7.6650807595578145
cat98,D,50557,3062.9720669739104,2097.67,2671.9400000000005,False,8.027467414296051,7.649059089737906
cat98,C,21485,3096.0500162904355,2225.47,2455.67,False,8.038205329758982,7.708172650608551
cat98,E,10242,2563.8212624487405,1869.525,2103.14,False,7.849644071921027,7.533974419109203
cat98,B,542,2385.891881918819,1836.54,1673.3450000000003,False,7.777747330767052,7.5161829995575395
cat99,P,79455,2993.899861556856,2089.68,2703.665,False,8.004666074784188,7.645244650892818
cat99,T,72591,3067.9923586946043,2132.51,2601.3,False,8.029104564781056,7.665523789750888
cat99,R,10290,2567.642617103985,1871.0349999999999,2106.9449999999997,False,7.851132873810259,7.534781353443955
cat99,D,8844,3403.8957372229756,2357.275,3002.6124999999997,False,8.132969597622278,7.765685698555082
cat99,S,7045,2989.176400283889,2177.44,2792.0299999999997,False,8.003087661394957,7.686364303291593
cat99,N,2894,3093.8004388389772,2193.88,2840.8425,False,8.037478704474106,7.693882654310957
cat99,K,2703,3122.1727450980393,2302.43,2845.1549999999997,False,8.04660466958555,7.742154595375051
cat99,F,2702,3364.0043671354556,2138.39,2907.5275,False,8.121184539889414,7.668276020653384
cat99,E,1034,3964.889941972921,2479.31,3516.5875,False,8.285485558309649,7.816138831347179
cat99,C,310,5719.515161290323,3068.165,4923.99,False,8.651814143481044,8.029160816615395
cat99,J,245,4408.55,3141.51,4282.59,False,8.391527922418048,8.052777122639133
cat99,H,93,1894.659569892473,1543.32,1593.3300000000002,True,7.5473221149491465,7.342338962996612
cat99,M,52,1991.7725,1627.03,1829.4875,True,7.597282164173911,7.395125973911129
cat99,I,38,1816.1805263157894,1766.425,1355.26,True,7.505041417514703,7.477278964055721
cat99,G,19,1362.9094736842105,1180.53,950.8400000000001,True,7.2181104679342285,7.07456548775615
cat99,O,3,936.6033333333335,1106.18,307.5849999999999,True,6.843326973992766,7.009571521116442
